sport,event,year,athlete_id,country_id,bronze,silver,gold
Curling,Event4,2014,698,20,1,0,1
Curling,Event3,2002,58,31,1,0,1
Skating,Event2,2014,508,50,1,1,0
Skating,Event4,2002,431,19,0,0,1
Curling,Event4,2018,342,2,1,0,1
Snowboard,Event2,2010,37,7,1,0,1
Bobsleigh,Event4,2018,64,31,0,0,0
Bobsleigh,Event1,2002,537,5,0,0,1
Snowboard,Event1,2006,214,50,1,1,0
Curling,Event4,2018,882,46,0,1,1
Skiing,Event1,2002,714,25,1,0,0
Curling,Event3,2014,923,17,0,0,0
Skiing,Event2,2018,474,39,0,1,1
Skating,Event3,2002,85,42,0,0,0
Curling,Event1,2010,618,25,1,1,1
Curling,Event2,2018,971,19,0,0,1
Skating,Event3,2006,543,33,1,1,0
Bobsleigh,Event4,2006,314,41,1,0,0
Skiing,Event2,2014,487,9,0,1,0
Skiing,Event4,2006,367,3,1,1,0
Curling,Event4,2014,633,39,0,1,1
Snowboard,Event2,2022,478,10,1,1,1
Snowboard,Event2,2022,523,43,1,0,0
Snowboard,Event4,2014,170,33,1,1,1
Bobsleigh,Event4,2018,86,4,1,0,1
Bobsleigh,Event2,2018,387,40,1,1,0
Skating,Event1,2022,325,32,0,0,0
Curling,Event1,2010,21,17,0,0,1
Skiing,Event1,2006,610,50,1,0,0
Bobsleigh,Event1,2006,433,24,1,0,1
Snowboard,Event4,2006,820,23,1,0,0
Snowboard,Event2,2010,215,5,0,0,0
Skating,Event3,2010,406,29,0,0,0
Bobsleigh,Event1,2022,48,47,0,1,1
Snowboard,Event2,2002,927,29,1,1,0
Bobsleigh,Event2,2002,190,7,1,0,1
Curling,Event2,2018,493,41,0,0,0
Skiing,Event3,2018,176,27,0,0,0
Curling,Event3,2002,1,27,0,0,1
Skating,Event3,2022,608,28,1,0,0
Skating,Event1,2010,256,22,0,1,1
Skiing,Event1,2018,729,2,0,1,1
Skiing,Event1,2010,765,16,0,0,1
Snowboard,Event4,2002,851,10,1,1,0
Skating,Event4,2014,622,28,1,0,1
Skating,Event3,2014,154,21,1,1,0
Skating,Event2,2006,318,26,1,0,1
Snowboard,Event3,2022,765,45,1,0,1
Skating,Event3,2002,757,34,0,1,1
Skiing,Event1,2010,576,36,0,1,0
Skating,Event1,2002,582,32,1,1,1
Skiing,Event2,2014,504,48,1,1,0
Skating,Event3,2022,297,6,1,1,0
Snowboard,Event3,2006,767,26,1,0,0
Skating,Event1,2002,337,8,0,1,1
Curling,Event4,2018,259,40,1,0,1
Curling,Event3,2002,421,47,0,1,0
Skiing,Event4,2014,676,35,0,1,0
Skiing,Event4,2018,80,17,0,1,1
Snowboard,Event4,2006,688,15,1,1,1
Skiing,Event1,2010,258,8,1,0,1
Skiing,Event1,2014,443,1,0,1,1
Skiing,Event1,2002,921,29,1,1,0
Snowboard,Event3,2010,372,30,1,0,1
Bobsleigh,Event4,2002,444,28,1,0,0
Snowboard,Event2,2006,567,49,0,1,0
Skating,Event2,2002,974,41,0,0,1
Curling,Event4,2006,764,24,1,0,0
Bobsleigh,Event4,2010,804,45,0,0,0
Skiing,Event3,2018,599,18,1,1,1
Snowboard,Event1,2002,181,43,0,1,1
Curling,Event1,2018,222,27,0,0,0
Curling,Event3,2014,844,43,0,0,1
Curling,Event1,2022,670,26,0,1,0
Curling,Event3,2010,634,23,0,1,0
Bobsleigh,Event4,2014,772,5,1,1,0
Snowboard,Event4,2010,555,26,0,1,0
Curling,Event3,2006,883,25,1,0,0
Skiing,Event2,2006,335,18,1,0,0
Bobsleigh,Event3,2002,628,29,1,0,1
Skiing,Event2,2022,911,19,0,0,0
Skiing,Event4,2014,331,35,1,1,0
Snowboard,Event2,2002,775,1,1,1,0
Curling,Event3,2022,732,27,0,1,0
Bobsleigh,Event3,2018,883,44,0,1,1
Snowboard,Event1,2010,290,30,0,1,0
Skiing,Event3,2014,16,9,1,0,0
Bobsleigh,Event4,2010,378,8,0,0,0
Skating,Event1,2002,917,40,1,1,1
Skating,Event4,2006,925,35,0,1,0
Bobsleigh,Event3,2002,392,11,0,1,0
Bobsleigh,Event2,2010,323,15,0,0,1
Curling,Event3,2002,328,24,0,0,0
Skating,Event2,2010,480,6,0,1,1
Skating,Event1,2022,371,8,0,0,1
Skiing,Event1,2010,767,6,1,0,0
Skiing,Event1,2014,265,41,0,1,1
Skiing,Event3,2014,595,39,0,0,0
Bobsleigh,Event4,2022,640,10,1,1,1
Curling,Event4,2018,208,3,0,1,0
Curling,Event1,2014,53,24,1,0,1
Skiing,Event4,2002,153,20,0,0,1
Curling,Event3,2018,89,9,1,0,0
Bobsleigh,Event4,2018,295,13,1,1,0
Bobsleigh,Event3,2022,710,13,0,1,1
Snowboard,Event3,2010,976,27,0,1,0
Snowboard,Event3,2002,939,19,1,0,0
Snowboard,Event4,2018,564,38,1,1,0
Curling,Event1,2006,204,1,1,0,0
Curling,Event2,2022,531,34,0,0,1
Skiing,Event2,2010,28,40,0,1,0
Skating,Event1,2002,797,20,0,1,1
Bobsleigh,Event3,2014,42,32,0,1,0
Curling,Event4,2010,489,47,1,1,0
Bobsleigh,Event1,2010,211,32,0,0,0
Curling,Event2,2002,578,30,0,0,0
Skating,Event4,2014,52,41,1,1,0
Snowboard,Event4,2006,107,1,1,0,1
Bobsleigh,Event2,2018,665,42,0,1,1
Skiing,Event1,2014,794,26,0,0,1
Snowboard,Event1,2010,745,11,1,0,1
Bobsleigh,Event3,2018,952,2,1,0,1
Snowboard,Event2,2006,647,19,0,1,1
Skiing,Event2,2002,43,36,0,0,1
Snowboard,Event1,2018,560,23,1,1,1
Snowboard,Event1,2010,919,35,0,0,1
Bobsleigh,Event3,2018,387,45,1,0,1
Skiing,Event2,2002,222,5,0,1,1
Bobsleigh,Event3,2002,328,41,1,1,0
Skiing,Event4,2022,570,1,0,1,0
Skating,Event2,2014,110,9,1,1,0
Skating,Event1,2010,806,21,1,0,0
Bobsleigh,Event2,2022,80,19,0,0,1
Skating,Event4,2006,277,31,1,1,0
Curling,Event1,2014,1000,35,0,1,0
Skiing,Event3,2022,885,40,1,1,1
Curling,Event1,2018,317,1,1,1,1
Skating,Event1,2002,341,29,1,1,1
Bobsleigh,Event2,2002,615,40,1,1,1
Skating,Event2,2010,925,22,1,0,1
Skating,Event4,2014,466,12,0,0,1
Curling,Event2,2022,431,31,1,0,1
Skiing,Event1,2010,793,17,0,0,0
Bobsleigh,Event2,2018,417,43,0,0,0
Curling,Event4,2006,159,23,1,1,1
Curling,Event4,2014,89,4,0,1,1
Skating,Event4,2010,657,36,0,1,0
Bobsleigh,Event1,2022,313,50,0,1,0
Bobsleigh,Event2,2022,375,1,1,0,0
Skiing,Event2,2014,423,19,1,0,1
Skiing,Event3,2018,802,3,0,0,0
Snowboard,Event1,2014,402,23,1,1,1
Skating,Event2,2002,56,7,1,1,1
Curling,Event4,2022,306,49,0,0,1
Curling,Event2,2010,682,44,1,0,0
Bobsleigh,Event2,2006,112,27,1,1,1
Snowboard,Event1,2002,768,29,0,1,0
Skiing,Event4,2002,219,43,1,0,0
Skating,Event1,2002,417,18,0,0,1
Bobsleigh,Event3,2006,318,37,1,1,1
Curling,Event4,2022,703,23,0,1,0
Skating,Event4,2014,689,17,0,0,1
Skiing,Event2,2018,383,45,1,0,1
Skating,Event3,2018,655,36,1,1,0
Skiing,Event3,2022,72,44,1,1,0
Snowboard,Event2,2006,51,7,1,1,0
Skiing,Event2,2022,990,9,1,1,1
Skating,Event3,2006,234,50,0,1,1
Bobsleigh,Event4,2014,710,42,1,0,1
Bobsleigh,Event4,2006,269,41,1,1,1
Curling,Event2,2022,793,19,0,0,1
Bobsleigh,Event1,2002,33,39,1,1,1
Curling,Event2,2018,584,16,0,1,1
Curling,Event1,2006,515,9,1,1,1
Snowboard,Event4,2002,991,50,0,1,0
Skiing,Event3,2022,373,31,0,1,1
Curling,Event3,2022,360,25,1,0,0
Curling,Event3,2006,942,17,1,0,1
Skiing,Event1,2014,874,42,0,0,0
Snowboard,Event3,2018,665,19,0,1,1
Snowboard,Event3,2010,635,2,1,0,0
Curling,Event2,2002,653,7,0,0,1
Skating,Event2,2002,996,43,0,1,1
Skating,Event4,2018,518,38,0,1,1
Skiing,Event4,2002,379,2,1,0,1
Skiing,Event4,2006,395,43,0,0,1
Bobsleigh,Event2,2010,731,43,0,0,1
Skating,Event4,2006,4,50,1,0,1
Bobsleigh,Event1,2014,526,40,0,1,1
Bobsleigh,Event3,2006,718,42,0,1,0
Bobsleigh,Event1,2018,308,24,1,1,0
Snowboard,Event2,2018,937,24,1,0,0
Bobsleigh,Event2,2022,620,2,0,1,1
Skiing,Event3,2018,741,37,1,0,1
Skating,Event4,2018,852,48,1,0,1
Skating,Event2,2006,985,14,0,1,0
Skiing,Event2,2022,306,32,1,1,0
Snowboard,Event4,2022,98,30,1,1,0
Curling,Event1,2002,822,2,0,0,1
Snowboard,Event4,2010,679,40,1,1,0
Skiing,Event3,2002,652,9,1,0,0
Bobsleigh,Event2,2002,629,45,0,1,0
Bobsleigh,Event4,2018,214,11,1,0,1
Skating,Event4,2006,184,26,1,1,0
Skiing,Event1,2022,903,23,0,1,0
Snowboard,Event4,2006,880,43,0,1,1
Bobsleigh,Event2,2022,100,20,1,1,1
Skiing,Event4,2022,277,21,1,0,1
Curling,Event3,2002,990,37,0,1,1
Skiing,Event3,2014,875,15,1,1,0
Bobsleigh,Event1,2010,691,8,0,1,0
Skiing,Event1,2006,92,42,1,1,0
Skiing,Event4,2010,593,7,1,1,1
Bobsleigh,Event4,2002,635,27,1,1,1
Skiing,Event1,2022,341,4,1,0,1
Skiing,Event1,2002,190,26,1,1,1
Bobsleigh,Event3,2014,380,27,1,1,1
Curling,Event2,2018,659,31,1,1,0
Skiing,Event3,2002,444,34,1,0,0
Curling,Event2,2002,627,20,1,0,0
Skating,Event4,2022,24,27,0,1,1
Curling,Event4,2006,857,1,1,0,1
Curling,Event1,2014,727,34,0,1,0
Snowboard,Event2,2002,957,37,1,0,1
Skiing,Event4,2002,880,4,1,1,0
Bobsleigh,Event1,2006,444,30,0,1,0
Skating,Event1,2002,472,43,1,1,1
Curling,Event1,2018,590,19,1,1,0
Snowboard,Event4,2022,50,36,1,1,1
Skiing,Event2,2006,620,33,0,0,1
Snowboard,Event3,2022,481,29,0,1,0
Bobsleigh,Event3,2018,413,34,1,1,0
Bobsleigh,Event3,2018,192,45,0,0,0
Snowboard,Event4,2002,921,21,1,1,1
Snowboard,Event3,2002,119,13,0,1,1
Curling,Event1,2002,856,21,1,1,0
Skating,Event1,2018,164,35,0,1,1
Skating,Event1,2022,246,29,0,1,1
Skiing,Event3,2022,656,11,0,0,1
Snowboard,Event4,2022,242,31,0,0,0
Snowboard,Event1,2010,109,33,0,0,1
Snowboard,Event1,2002,283,29,0,1,1
Skating,Event3,2018,269,4,1,0,1
Skiing,Event2,2018,262,10,1,0,0
Snowboard,Event2,2014,809,35,0,0,1
Skiing,Event4,2018,75,19,1,0,1
Bobsleigh,Event4,2002,106,31,1,0,1
Curling,Event1,2014,910,31,0,0,1
Snowboard,Event3,2018,158,18,0,1,1
Bobsleigh,Event3,2022,496,12,1,0,0
Curling,Event1,2006,86,24,0,1,0
Bobsleigh,Event3,2018,572,39,1,0,0
Skating,Event3,2022,953,30,1,1,0
Snowboard,Event3,2018,989,23,0,0,1
Skiing,Event1,2002,11,9,1,0,0
Skating,Event2,2006,454,49,1,1,0
Snowboard,Event3,2018,314,44,0,1,0
Curling,Event3,2022,380,17,0,1,1
Snowboard,Event2,2002,247,34,0,0,0
Skating,Event3,2014,416,39,1,0,1
Skiing,Event2,2018,559,49,1,1,0
Curling,Event2,2014,371,1,0,1,0
Skiing,Event4,2010,919,11,1,0,0
Curling,Event3,2006,258,45,0,0,0
Snowboard,Event3,2022,495,37,1,1,1
Curling,Event1,2014,203,15,1,0,0
Bobsleigh,Event3,2022,334,50,1,0,1
Snowboard,Event2,2018,914,19,0,1,0
Snowboard,Event4,2006,375,48,1,1,0
Snowboard,Event2,2022,768,29,0,1,0
Skating,Event4,2022,223,25,0,0,1
Skating,Event2,2022,140,27,0,0,0
Bobsleigh,Event4,2010,870,2,0,0,1
Curling,Event2,2022,964,29,0,0,1
Skiing,Event3,2014,489,22,1,1,0
Bobsleigh,Event1,2006,451,38,1,0,0
Skating,Event2,2018,189,35,0,0,0
Curling,Event4,2010,464,45,1,0,1
Bobsleigh,Event3,2010,341,8,0,1,1
Curling,Event2,2006,13,35,0,1,1
Skating,Event3,2006,603,37,1,0,0
Snowboard,Event1,2014,77,36,1,0,1
Snowboard,Event2,2018,614,17,1,0,0
Bobsleigh,Event2,2018,738,10,0,0,1
Curling,Event4,2002,314,45,0,1,1
Bobsleigh,Event1,2002,252,27,0,0,1
Bobsleigh,Event3,2022,977,42,1,0,1
Skiing,Event4,2018,308,5,0,0,1
Curling,Event1,2022,990,36,1,0,0
Skiing,Event1,2014,102,19,0,0,1
Skiing,Event2,2014,524,2,1,1,1
Skating,Event2,2014,138,50,0,0,0
Bobsleigh,Event4,2014,875,27,0,0,0
Snowboard,Event1,2022,945,33,0,1,0
Snowboard,Event3,2022,247,3,1,1,1
Bobsleigh,Event3,2006,121,36,0,0,0
Snowboard,Event4,2010,474,11,0,0,0
Skiing,Event2,2014,366,40,1,1,1
Skiing,Event2,2002,135,44,0,0,0
Skiing,Event4,2018,117,29,0,1,0
Curling,Event2,2014,877,21,0,0,1
Snowboard,Event2,2002,425,14,0,1,0
Bobsleigh,Event3,2006,887,30,0,1,0
Snowboard,Event1,2002,589,23,0,0,0
Skiing,Event1,2014,617,43,0,1,0
Curling,Event4,2022,174,10,0,0,0
Curling,Event4,2002,181,2,0,1,0
Skiing,Event3,2014,631,25,0,0,1
Skiing,Event4,2014,147,32,0,0,1
Skating,Event1,2022,731,37,0,1,0
Skating,Event2,2006,984,14,1,0,0
Bobsleigh,Event2,2014,136,21,0,0,1
Snowboard,Event3,2014,961,8,1,0,0
Skating,Event1,2022,971,22,0,0,0
Curling,Event1,2018,406,29,0,0,0
Skating,Event1,2014,317,6,0,1,1
Bobsleigh,Event3,2006,243,37,0,0,1
Curling,Event3,2014,285,13,0,0,1
Snowboard,Event1,2022,12,2,1,0,1
Curling,Event4,2014,370,3,0,1,1
Snowboard,Event2,2022,125,18,1,1,0
Skiing,Event2,2018,262,50,1,1,1
Bobsleigh,Event3,2022,166,4,0,0,0
Curling,Event2,2006,3,7,1,1,0
Snowboard,Event1,2014,762,2,0,1,1
Skiing,Event4,2010,123,48,0,1,1
Bobsleigh,Event3,2002,288,26,0,1,0
Curling,Event3,2006,751,39,1,1,1
Snowboard,Event4,2006,11,10,0,1,1
Skiing,Event1,2006,393,44,1,0,1
Bobsleigh,Event4,2010,91,17,1,0,1
Skiing,Event4,2010,346,14,0,1,1
Snowboard,Event3,2010,16,36,0,0,0
Snowboard,Event1,2014,737,38,1,1,1
Curling,Event3,2014,934,17,0,1,0
Snowboard,Event3,2006,423,41,0,0,0
Snowboard,Event2,2010,332,4,0,1,1
Skating,Event4,2002,155,13,1,0,1
Skating,Event1,2014,61,28,0,0,0
Skating,Event2,2010,331,13,0,0,1
Skiing,Event4,2014,191,12,0,1,1
Skiing,Event4,2010,273,44,0,0,1
Curling,Event4,2018,38,23,1,0,0
Bobsleigh,Event2,2018,210,14,1,0,0
Snowboard,Event2,2018,434,42,1,1,0
Curling,Event1,2014,292,25,1,1,1
Bobsleigh,Event3,2014,569,23,1,0,1
Skiing,Event3,2010,60,48,0,1,0
Snowboard,Event2,2010,480,1,0,1,0
Skiing,Event2,2018,353,41,1,0,1
Curling,Event2,2010,700,22,0,0,0
Curling,Event4,2010,853,37,0,0,0
Skating,Event2,2018,877,14,0,1,0
Skiing,Event4,2014,225,1,0,0,0
Snowboard,Event3,2002,108,48,1,1,1
Bobsleigh,Event2,2022,706,5,0,0,1
Skiing,Event4,2002,593,30,0,1,1
Skating,Event3,2010,959,46,1,0,1
Snowboard,Event1,2010,254,33,1,1,1
Curling,Event3,2006,120,50,1,1,1
Bobsleigh,Event4,2018,323,39,1,0,1
Curling,Event4,2006,169,46,1,0,0
Skating,Event2,2014,775,3,0,0,0
Skating,Event4,2014,784,21,0,1,0
Curling,Event3,2006,22,29,1,0,0
Snowboard,Event4,2014,831,45,0,1,0
Skating,Event1,2018,106,31,0,0,1
Curling,Event2,2014,768,16,1,1,0
Bobsleigh,Event2,2018,47,5,0,0,1
Curling,Event3,2002,193,23,1,0,1
Snowboard,Event2,2014,128,5,0,1,1
Bobsleigh,Event2,2002,456,14,1,1,1
Curling,Event3,2010,124,18,1,1,1
Skating,Event4,2006,66,42,0,1,1
Snowboard,Event2,2014,413,15,1,0,0
Snowboard,Event3,2006,562,13,0,0,1
Snowboard,Event3,2014,520,48,0,1,1
Bobsleigh,Event1,2018,543,4,1,0,0
Curling,Event3,2010,971,26,0,0,1
Skiing,Event4,2006,269,45,1,0,1
Curling,Event4,2006,81,17,0,0,0
Curling,Event4,2006,782,10,0,0,1
Skating,Event1,2022,235,1,0,1,0
Skiing,Event4,2010,502,27,1,0,1
Curling,Event4,2018,830,7,0,0,1
Curling,Event2,2022,500,45,0,0,1
Skating,Event2,2022,594,12,1,0,0
Curling,Event1,2006,408,32,0,1,0
Curling,Event2,2018,319,5,1,1,1
Skiing,Event2,2018,505,20,0,1,0
Bobsleigh,Event3,2018,522,5,0,1,0
Curling,Event1,2014,493,35,0,0,0
Bobsleigh,Event2,2018,664,35,1,0,0
Snowboard,Event2,2006,807,29,0,1,1
Snowboard,Event3,2006,608,21,0,1,0
Curling,Event2,2002,450,11,1,1,0
Skiing,Event3,2014,819,44,0,0,0
Bobsleigh,Event4,2018,31,5,1,1,1
Skiing,Event1,2010,721,5,0,0,1
Skating,Event4,2002,909,11,0,0,1
Curling,Event3,2018,458,20,1,1,0
Curling,Event4,2018,663,36,1,0,1
Curling,Event2,2014,471,27,0,1,0
Snowboard,Event3,2022,68,46,0,1,0
Bobsleigh,Event3,2014,299,5,1,1,0
Bobsleigh,Event4,2022,250,44,0,1,1
Bobsleigh,Event1,2018,279,23,0,1,1
Bobsleigh,Event4,2022,508,34,1,0,1
Skating,Event2,2014,76,35,0,1,1
Skating,Event2,2006,777,40,1,0,1
Curling,Event3,2010,333,1,0,1,1
Bobsleigh,Event1,2006,124,31,0,1,0
Bobsleigh,Event1,2022,4,15,1,1,0
Curling,Event3,2002,229,33,0,1,0
Bobsleigh,Event3,2002,641,11,1,0,1
Skating,Event3,2002,16,34,1,0,1
Skiing,Event4,2022,765,33,0,0,0
Curling,Event2,2018,312,3,0,1,1
Snowboard,Event3,2006,368,3,0,1,1
Bobsleigh,Event3,2010,328,31,1,1,0
Curling,Event1,2002,702,43,1,0,1
Bobsleigh,Event1,2010,323,31,0,1,0
Skiing,Event4,2002,798,2,1,1,0
Bobsleigh,Event1,2022,352,13,0,1,1
Bobsleigh,Event1,2022,169,19,1,1,1
Snowboard,Event4,2022,605,6,0,1,0
Curling,Event4,2018,999,29,1,1,1
Skating,Event3,2014,805,2,1,0,1
Curling,Event4,2002,382,13,0,0,1
Snowboard,Event4,2018,410,25,0,0,1
Skating,Event1,2010,111,19,0,0,1
Curling,Event3,2018,456,17,1,0,0
Bobsleigh,Event1,2018,901,16,1,0,0
Curling,Event2,2002,616,42,1,1,0
Skiing,Event2,2002,811,13,1,1,1
Bobsleigh,Event1,2002,487,12,1,1,1
Snowboard,Event4,2006,962,16,0,1,0
Bobsleigh,Event3,2014,885,34,0,1,0
Skating,Event1,2002,292,7,0,1,1
Bobsleigh,Event4,2014,499,39,1,0,0
Curling,Event3,2018,393,31,0,1,0
Snowboard,Event4,2014,322,22,1,0,0
Skiing,Event3,2010,271,43,0,0,1
Skating,Event2,2018,948,48,0,1,1
Bobsleigh,Event3,2002,242,44,1,1,1
Skating,Event4,2018,619,38,1,0,1
Snowboard,Event4,2006,579,6,1,0,0
Skating,Event1,2022,743,40,1,0,1
Skating,Event3,2014,286,12,1,0,1
Curling,Event3,2010,280,22,0,1,1
Skiing,Event1,2018,343,17,1,0,1
Skating,Event1,2014,326,6,0,0,1
Bobsleigh,Event1,2006,460,35,0,0,0
Skating,Event4,2018,973,39,0,0,1
Snowboard,Event4,2014,471,1,1,1,0
Skiing,Event2,2018,670,44,0,0,1
Bobsleigh,Event4,2018,953,31,1,1,0
Skiing,Event4,2014,69,34,1,0,1
Bobsleigh,Event4,2022,784,34,1,0,1
Curling,Event2,2018,402,14,0,0,0
Curling,Event2,2022,819,27,0,1,1
Skating,Event1,2018,259,26,1,1,1
Snowboard,Event4,2014,32,50,1,0,1
Skating,Event3,2006,837,17,1,1,0
Curling,Event1,2022,477,25,0,0,0
Skiing,Event2,2018,631,16,1,0,0
Skiing,Event2,2002,364,16,1,1,0
Skating,Event3,2014,538,28,1,0,0
Skiing,Event2,2006,193,6,1,0,1
Skiing,Event3,2002,951,21,1,1,1
Curling,Event4,2014,530,27,0,0,1
Bobsleigh,Event2,2006,232,16,1,1,1
Curling,Event1,2002,565,18,1,1,1
Bobsleigh,Event4,2002,425,46,0,1,0
Bobsleigh,Event3,2002,15,14,0,1,0
Bobsleigh,Event2,2022,185,41,1,1,0
Curling,Event3,2022,439,24,1,1,1
Skiing,Event2,2022,820,4,0,1,1
Bobsleigh,Event2,2014,267,20,0,0,0
Snowboard,Event1,2010,696,14,1,0,1
Skating,Event2,2010,645,46,1,0,1
Skiing,Event4,2022,524,6,0,1,1
Skating,Event1,2006,757,49,1,0,1
Skating,Event1,2018,891,48,1,0,1
Snowboard,Event2,2022,267,4,1,1,1
Bobsleigh,Event3,2002,135,4,1,0,1
Skiing,Event1,2018,970,47,1,1,0
Bobsleigh,Event2,2010,245,1,0,0,1
Snowboard,Event3,2014,317,15,1,1,0
Snowboard,Event1,2022,329,17,0,0,0
Curling,Event1,2018,364,4,1,1,0
Skiing,Event3,2022,194,38,0,0,0
Skating,Event2,2006,764,40,0,1,0
Skiing,Event3,2022,374,50,1,1,1
Curling,Event3,2018,510,24,1,1,1
Snowboard,Event2,2006,609,16,1,0,0
Skiing,Event3,2002,995,35,1,1,1
Snowboard,Event2,2018,963,1,1,1,0
Snowboard,Event2,2018,457,34,0,0,0
Snowboard,Event4,2010,647,42,1,1,0
Bobsleigh,Event3,2010,890,27,0,1,1
Bobsleigh,Event1,2006,935,11,1,0,1
Skating,Event4,2010,55,38,0,0,0
Bobsleigh,Event3,2022,929,9,0,1,1
Snowboard,Event1,2014,295,14,0,1,1
Snowboard,Event3,2014,507,13,0,0,0
Skating,Event3,2010,14,44,1,0,0
Snowboard,Event4,2002,931,35,0,0,0
Curling,Event1,2006,776,26,1,0,0
Bobsleigh,Event3,2006,915,28,0,1,1
Bobsleigh,Event3,2014,68,2,1,0,1
Curling,Event4,2010,431,24,0,0,0
Skiing,Event2,2002,668,1,0,1,0
Snowboard,Event2,2006,93,22,0,0,0
Bobsleigh,Event3,2002,827,48,1,1,1
Curling,Event1,2018,387,2,1,0,0
Skiing,Event4,2014,144,14,0,1,1
Skating,Event3,2014,119,3,1,0,1
Skiing,Event4,2014,983,42,0,1,1
Snowboard,Event2,2002,262,8,0,0,0
Bobsleigh,Event2,2018,27,33,1,1,0
Skiing,Event1,2014,63,48,1,1,1
Bobsleigh,Event4,2022,339,35,1,1,1
Bobsleigh,Event1,2006,825,47,0,1,1
Skating,Event3,2014,955,39,0,0,0
Bobsleigh,Event3,2018,734,26,1,0,0
Skiing,Event1,2010,324,14,0,1,0
Skiing,Event3,2018,838,35,0,0,1
Skiing,Event1,2002,158,26,1,1,1
Skating,Event4,2010,208,46,1,1,0
Bobsleigh,Event2,2018,143,22,0,0,1
Curling,Event2,2002,198,23,0,0,1
Curling,Event4,2006,702,16,0,0,1
Snowboard,Event1,2018,911,45,1,0,0
Curling,Event3,2018,22,20,1,0,0
Bobsleigh,Event3,2022,849,50,1,1,0
Skiing,Event1,2006,456,7,1,0,0
Snowboard,Event1,2022,894,30,1,1,0
Skating,Event2,2002,342,10,1,1,0
Bobsleigh,Event1,2002,13,29,0,1,1
Snowboard,Event4,2010,430,48,1,0,1
Bobsleigh,Event2,2010,896,39,1,1,1
Curling,Event4,2010,191,22,0,1,1
Bobsleigh,Event4,2018,597,37,1,1,0
Snowboard,Event3,2002,398,41,1,0,0
Curling,Event2,2022,492,48,0,0,1
Skiing,Event3,2022,662,4,1,0,1
Skiing,Event4,2022,684,41,0,0,0
Skiing,Event3,2014,933,32,0,1,1
Skiing,Event1,2010,654,42,1,0,0
Snowboard,Event3,2002,403,9,0,1,0
Snowboard,Event1,2010,737,45,1,1,0
Curling,Event1,2018,548,4,1,0,0
Skating,Event2,2010,836,37,0,1,0
Skating,Event4,2018,63,45,1,1,0
Skating,Event4,2006,302,45,1,0,1
Bobsleigh,Event4,2006,97,35,1,1,0
Skiing,Event4,2010,512,20,0,0,0
Bobsleigh,Event2,2022,310,34,1,0,0
Snowboard,Event3,2002,431,44,0,0,1
Skating,Event3,2018,809,10,1,0,1
Bobsleigh,Event2,2006,105,12,1,0,0
Snowboard,Event4,2014,413,15,1,0,1
Skiing,Event4,2022,259,17,1,1,1
Curling,Event2,2010,411,40,1,1,0
Bobsleigh,Event2,2002,489,24,0,1,0
Curling,Event3,2022,673,10,1,1,1
Bobsleigh,Event1,2022,642,21,0,0,1
Bobsleigh,Event3,2022,341,46,0,1,1
Bobsleigh,Event3,2018,471,34,1,0,0
Snowboard,Event2,2002,184,30,1,0,1
Snowboard,Event2,2006,359,39,1,0,0
Skating,Event3,2006,294,49,0,1,0
Curling,Event3,2006,317,7,1,1,1
Skating,Event4,2002,827,17,0,0,0
Skiing,Event1,2010,690,50,1,0,0
Curling,Event2,2010,533,17,1,0,0
Curling,Event4,2014,76,9,1,1,0
Skating,Event4,2022,514,22,0,0,0
Bobsleigh,Event3,2010,500,37,1,0,0
Curling,Event1,2018,610,47,0,0,0
Bobsleigh,Event3,2002,620,40,1,1,1
Skiing,Event2,2022,579,16,1,1,1
Skating,Event2,2014,656,21,1,0,0
Curling,Event2,2018,900,25,1,1,0
Bobsleigh,Event1,2002,568,1,1,0,0
Snowboard,Event1,2002,716,16,0,0,1
Curling,Event4,2018,158,35,1,1,0
Curling,Event1,2006,11,30,0,0,0
Bobsleigh,Event2,2006,210,46,1,1,1
Curling,Event1,2010,276,5,1,0,0
Bobsleigh,Event1,2022,917,9,1,0,0
Snowboard,Event3,2006,679,36,1,0,1
Snowboard,Event2,2010,598,11,1,0,1
Skating,Event3,2010,624,6,0,0,0
Curling,Event3,2010,870,34,1,1,0
Snowboard,Event2,2010,410,42,0,0,1
Skiing,Event1,2010,329,36,1,1,0
Skiing,Event2,2018,420,6,1,0,1
Skiing,Event4,2014,580,21,0,0,0
Bobsleigh,Event1,2010,337,17,0,0,0
Bobsleigh,Event2,2018,287,22,1,1,1
Snowboard,Event3,2002,862,3,0,1,0
Snowboard,Event4,2010,753,35,0,1,0
Skiing,Event1,2018,654,43,0,1,1
Skiing,Event1,2018,926,32,1,0,1
Bobsleigh,Event3,2022,151,43,0,1,1
Skating,Event4,2018,26,45,1,1,0
Skiing,Event1,2010,712,42,0,0,0
Bobsleigh,Event2,2010,721,12,1,1,1
Skiing,Event1,2006,997,23,0,0,1
Bobsleigh,Event2,2010,712,18,1,0,1
Bobsleigh,Event4,2006,858,19,1,1,1
Bobsleigh,Event4,2006,976,4,0,1,1
Curling,Event1,2018,97,44,0,0,1
Curling,Event3,2022,472,20,0,0,1
Curling,Event1,2022,158,11,0,0,1
Snowboard,Event4,2010,468,16,0,1,0
Snowboard,Event4,2014,353,29,1,1,1
Curling,Event3,2018,424,36,1,1,1
Skiing,Event4,2014,274,33,1,0,1
Skating,Event4,2002,230,3,0,0,0
Skating,Event3,2010,415,42,1,1,0
Curling,Event3,2014,637,33,1,0,1
Snowboard,Event3,2010,467,1,1,0,1
Skating,Event1,2010,683,48,1,0,0
Bobsleigh,Event1,2014,618,22,0,0,0
Snowboard,Event4,2022,124,13,1,1,1
Skating,Event3,2006,183,37,0,0,0
Curling,Event3,2002,631,43,1,1,0
Skiing,Event1,2002,731,45,1,1,1
Skating,Event2,2014,53,17,0,1,0
Bobsleigh,Event1,2010,229,44,1,1,1
Skating,Event2,2022,314,50,1,1,0
Snowboard,Event4,2002,401,41,0,1,1
Bobsleigh,Event3,2022,324,34,0,1,0
Skiing,Event4,2022,326,11,0,1,0
Skiing,Event3,2006,680,5,0,1,0
Skating,Event3,2022,867,32,1,0,0
Snowboard,Event3,2010,637,24,1,1,1
Skating,Event1,2022,175,27,0,0,0
Bobsleigh,Event2,2014,888,14,0,0,1
Snowboard,Event3,2002,176,48,0,1,1
Snowboard,Event2,2006,181,24,0,0,1
Skating,Event3,2014,80,7,1,0,1
Skating,Event2,2010,106,19,0,1,0
Curling,Event4,2022,57,10,0,0,1
Skating,Event1,2006,538,48,0,0,1
Skiing,Event4,2014,238,19,1,0,0
Skating,Event4,2002,186,42,1,0,0
Skating,Event4,2010,76,46,1,0,1
Skiing,Event2,2010,155,7,1,0,1
Curling,Event3,2002,487,9,0,1,1
Skiing,Event3,2022,763,43,1,1,0
Bobsleigh,Event1,2022,905,49,0,0,1
Skating,Event4,2006,899,11,1,0,1
Skating,Event2,2002,783,26,0,0,0
Snowboard,Event1,2002,273,24,0,1,1
Curling,Event2,2010,53,33,1,0,1
Bobsleigh,Event2,2006,343,24,1,1,0
Snowboard,Event3,2018,569,5,0,1,0
Snowboard,Event4,2010,543,25,0,0,1
Skating,Event4,2022,983,14,0,0,1
Snowboard,Event2,2014,645,25,0,1,0
Skating,Event3,2014,906,24,0,0,1
Skating,Event1,2010,423,44,1,1,1
Snowboard,Event1,2022,408,21,1,1,0
Curling,Event2,2006,297,12,0,1,0
Skiing,Event1,2014,245,45,0,0,0
Bobsleigh,Event4,2002,757,16,1,0,1
Snowboard,Event1,2022,817,6,1,0,0
Curling,Event4,2002,137,10,0,0,1
Skiing,Event3,2002,733,50,0,1,1
Skating,Event2,2006,268,48,0,0,1
Curling,Event1,2006,237,45,0,0,0
Skiing,Event1,2006,133,29,0,0,1
Curling,Event3,2002,657,38,1,0,0
Skating,Event2,2006,619,21,1,0,1
Bobsleigh,Event2,2018,288,48,1,1,1
Bobsleigh,Event3,2002,922,50,1,1,1
Curling,Event4,2002,927,18,0,0,0
Bobsleigh,Event1,2018,56,26,0,0,1
Skiing,Event2,2014,972,13,0,1,1
Bobsleigh,Event2,2014,71,32,0,1,0
Snowboard,Event2,2010,329,39,1,1,1
Curling,Event2,2022,308,13,0,0,1
Bobsleigh,Event2,2018,164,11,0,0,0
Curling,Event1,2006,513,21,0,0,0
Skating,Event1,2014,149,32,0,1,0
Skiing,Event3,2010,77,11,1,1,0
Curling,Event2,2010,831,24,1,1,0
Snowboard,Event2,2018,724,15,1,0,1
Bobsleigh,Event2,2022,989,40,0,0,1
Skating,Event1,2010,946,13,1,0,0
Snowboard,Event4,2018,660,38,1,0,0
Skating,Event2,2002,594,41,1,1,1
Skating,Event3,2002,521,45,0,1,1
Curling,Event2,2006,759,45,0,0,0
Bobsleigh,Event1,2018,432,5,1,1,1
Bobsleigh,Event4,2010,478,47,1,0,0
Skating,Event2,2022,376,42,1,1,0
Snowboard,Event4,2018,140,43,0,1,0
Curling,Event3,2006,694,44,1,1,0
Skiing,Event1,2010,364,48,1,0,1
Skiing,Event2,2014,676,27,1,1,0
Snowboard,Event3,2002,757,21,1,1,1
Skiing,Event2,2006,435,18,0,1,1
Curling,Event2,2002,441,21,1,0,0
Bobsleigh,Event1,2010,226,20,0,0,1
Skiing,Event3,2006,911,46,1,0,0
Skiing,Event1,2010,693,27,0,0,1
Curling,Event1,2022,191,11,1,0,1
Skating,Event4,2010,449,36,1,0,1
Bobsleigh,Event4,2010,289,11,1,0,0
Bobsleigh,Event1,2014,537,6,0,0,0
Skiing,Event2,2010,860,19,0,1,1
Snowboard,Event3,2006,108,8,1,1,0
Skiing,Event3,2010,599,5,0,0,1
Curling,Event2,2022,74,47,1,0,0
Skating,Event2,2002,731,27,1,0,1
Skiing,Event2,2002,61,30,0,1,0
Skiing,Event1,2010,380,1,0,0,1
Snowboard,Event4,2018,325,3,1,1,0
Bobsleigh,Event4,2010,664,8,1,0,1
Snowboard,Event2,2010,960,5,1,1,0
Snowboard,Event3,2002,273,47,0,1,1
Skiing,Event2,2002,351,50,0,1,0
Skiing,Event3,2002,121,6,1,0,1
Skiing,Event3,2006,770,24,0,1,0
Skiing,Event4,2002,663,27,1,0,1
Bobsleigh,Event2,2010,357,14,0,0,1
Curling,Event4,2002,192,10,0,1,0
Skating,Event1,2018,664,20,1,0,1
Skiing,Event4,2022,811,3,1,0,1
Curling,Event2,2014,40,7,0,0,0
Snowboard,Event1,2022,858,18,0,0,0
Curling,Event4,2022,114,38,0,0,1
Skating,Event1,2010,728,38,1,0,1
Skating,Event2,2010,725,22,0,0,1
Bobsleigh,Event3,2022,178,31,0,1,1
Bobsleigh,Event3,2018,65,6,0,1,0
Curling,Event2,2022,900,30,0,1,0
Skiing,Event4,2014,483,32,0,1,1
Bobsleigh,Event1,2002,506,1,0,1,0
Snowboard,Event2,2022,368,6,0,0,0
Skating,Event4,2018,183,4,0,0,1
Bobsleigh,Event1,2022,397,42,0,0,0
Bobsleigh,Event2,2018,832,21,0,0,1
Bobsleigh,Event1,2022,576,27,1,0,0
Skiing,Event3,2002,690,16,0,0,1
Bobsleigh,Event4,2006,776,27,0,1,0
Curling,Event2,2018,610,42,1,0,1
Bobsleigh,Event4,2022,506,28,0,1,1
Skiing,Event1,2022,38,22,0,0,0
Skiing,Event4,2022,637,12,1,0,0
Skating,Event3,2014,951,19,1,0,1
Skiing,Event2,2010,217,27,0,1,0
Skating,Event1,2022,185,39,0,1,1
Skiing,Event1,2022,517,8,1,0,1
Bobsleigh,Event3,2018,15,16,0,0,1
Bobsleigh,Event3,2018,854,45,0,0,1
Bobsleigh,Event4,2010,381,2,0,1,0
Bobsleigh,Event3,2022,892,13,0,1,1
Skating,Event2,2006,636,21,0,0,1
Skiing,Event2,2018,61,14,1,1,1
Snowboard,Event4,2014,871,24,1,1,1
Curling,Event3,2002,910,21,0,1,1
Skating,Event2,2018,957,9,1,0,0
Curling,Event1,2014,559,3,0,0,1
Snowboard,Event1,2002,119,1,0,0,0
Snowboard,Event2,2006,264,7,1,0,0
Snowboard,Event4,2010,501,46,1,0,1
Bobsleigh,Event1,2018,19,32,1,1,1
Skating,Event1,2010,229,38,1,1,0
Bobsleigh,Event2,2006,707,11,1,1,0
Bobsleigh,Event1,2002,349,18,0,0,1
Skiing,Event2,2018,666,20,1,1,1
Snowboard,Event2,2002,725,34,1,1,1
Skating,Event2,2006,685,38,1,1,1
Curling,Event1,2018,44,12,0,1,1
Bobsleigh,Event1,2022,312,20,1,0,0
Bobsleigh,Event2,2014,790,42,0,0,1
Bobsleigh,Event3,2006,797,48,1,1,1
Bobsleigh,Event2,2002,542,46,0,1,0
Snowboard,Event1,2002,163,19,0,1,1
Curling,Event2,2010,410,47,0,1,0
Curling,Event1,2014,504,26,0,1,0
Skiing,Event1,2014,969,28,1,1,0
Skating,Event2,2022,379,27,1,0,0
Snowboard,Event3,2010,720,41,0,1,1
Skating,Event1,2022,239,37,1,0,0
Skating,Event4,2014,618,49,0,0,1
Skating,Event4,2002,141,39,1,1,0
Curling,Event2,2002,353,43,0,0,1
Skiing,Event4,2018,818,7,0,1,1
Snowboard,Event4,2002,78,23,0,0,0
Skating,Event3,2002,184,39,0,1,1
Skating,Event1,2018,214,13,1,0,1
Bobsleigh,Event3,2006,905,23,0,1,1
Curling,Event2,2002,841,13,1,0,0
Bobsleigh,Event4,2014,458,22,1,0,0
Skating,Event2,2022,327,31,1,0,0
Bobsleigh,Event4,2006,223,25,0,1,0
Skating,Event4,2010,87,23,0,1,0
Curling,Event3,2014,426,46,0,1,0
Skating,Event2,2014,309,35,1,0,1
Snowboard,Event2,2022,461,44,1,1,1
Curling,Event1,2014,70,17,1,0,0
Bobsleigh,Event3,2002,610,25,1,0,0
Skiing,Event2,2010,423,44,0,1,1
Curling,Event4,2018,256,41,1,1,1
Bobsleigh,Event3,2010,1,9,0,1,1
Skiing,Event3,2010,118,13,1,1,0
Curling,Event2,2014,839,23,1,1,0
Snowboard,Event2,2022,386,31,1,1,0
Bobsleigh,Event3,2010,350,44,1,0,0
Skating,Event2,2018,460,24,1,1,0
Bobsleigh,Event3,2022,962,11,0,0,1
Bobsleigh,Event1,2010,264,17,1,1,1
Snowboard,Event2,2018,678,50,0,0,1
Bobsleigh,Event2,2014,64,18,0,1,0
Snowboard,Event4,2002,872,23,0,1,1
Curling,Event1,2006,843,38,1,0,1
Skating,Event3,2006,823,18,0,0,1
Snowboard,Event1,2010,716,28,1,0,1
Bobsleigh,Event2,2010,961,43,0,1,0
Skating,Event4,2014,107,8,1,1,1
Curling,Event4,2018,88,22,1,0,1
Curling,Event1,2022,501,14,1,1,0
Curling,Event4,2006,65,19,0,0,0
Snowboard,Event1,2014,436,27,0,1,0
Skating,Event4,2018,742,35,1,1,1
Curling,Event1,2018,142,12,1,1,0
Curling,Event3,2014,415,42,1,1,0
Bobsleigh,Event1,2014,863,29,0,1,1
Bobsleigh,Event2,2010,468,35,1,0,0
Skating,Event2,2018,515,4,0,0,1
Skiing,Event2,2014,245,17,1,1,0
Skating,Event4,2002,988,5,1,1,0
Curling,Event1,2018,116,37,1,0,1
Skiing,Event1,2014,843,2,1,1,1
Bobsleigh,Event2,2002,215,7,1,1,1
Curling,Event2,2006,410,19,0,1,1
Skiing,Event2,2010,251,16,0,0,0
Skiing,Event2,2010,971,20,1,1,1
Snowboard,Event1,2010,594,38,1,1,1
Skiing,Event2,2002,720,31,0,1,1
Snowboard,Event2,2010,566,13,0,0,0
Skating,Event2,2010,314,24,1,0,1
Bobsleigh,Event2,2014,513,28,0,1,1
Skating,Event3,2018,520,8,0,1,0
Curling,Event4,2014,780,13,0,0,1
Skiing,Event3,2006,889,38,1,0,0
Skiing,Event1,2018,850,12,1,1,1
Curling,Event3,2002,442,39,1,0,0
Snowboard,Event2,2018,492,9,0,0,0
Skiing,Event2,2018,155,47,0,0,0
Skating,Event1,2022,974,50,1,1,1
Bobsleigh,Event4,2002,446,36,0,1,0
Curling,Event1,2010,745,2,0,1,1
Bobsleigh,Event1,2002,824,45,0,0,1
Curling,Event2,2014,1,23,1,1,0
Curling,Event1,2022,904,7,0,1,1
Snowboard,Event3,2018,647,48,0,0,1
Snowboard,Event1,2018,389,40,0,0,0
Bobsleigh,Event3,2002,502,42,1,1,0
Skiing,Event3,2018,310,35,0,1,0
Snowboard,Event1,2002,431,34,0,0,0
Skating,Event2,2022,427,2,1,1,0
Snowboard,Event3,2010,647,13,1,1,0
Curling,Event1,2002,871,38,1,0,0
Skating,Event2,2010,207,41,0,1,0
Curling,Event3,2014,763,12,1,0,1
Snowboard,Event4,2002,272,27,1,1,1
Skating,Event1,2022,415,37,0,0,1
Skiing,Event3,2022,915,29,1,0,0
Snowboard,Event2,2010,204,37,0,0,0
Snowboard,Event1,2022,406,50,1,1,1
Skiing,Event3,2006,75,33,1,1,0
Skating,Event2,2018,267,10,0,0,0
Skating,Event3,2014,527,13,0,0,1
Skiing,Event2,2014,483,14,0,0,0
Skating,Event4,2018,658,45,1,1,0
Skiing,Event4,2010,533,30,0,0,1
Skiing,Event3,2022,670,8,1,0,1
Skiing,Event1,2018,104,16,1,0,1
Skiing,Event1,2002,992,18,1,1,0
Curling,Event2,2022,257,33,0,0,1
Skating,Event2,2010,335,16,1,0,1
Skating,Event4,2002,279,18,0,0,1
Skiing,Event1,2002,627,13,0,0,1
Curling,Event3,2002,509,28,0,0,0
Skating,Event2,2006,257,49,0,1,1
Curling,Event4,2002,135,8,1,1,1
Snowboard,Event1,2022,866,41,0,0,0
Skiing,Event2,2022,213,15,0,0,1
Bobsleigh,Event4,2010,378,41,1,1,0
Curling,Event2,2018,745,42,0,1,1
Skiing,Event3,2006,315,19,1,0,0
Snowboard,Event1,2022,499,17,0,1,0
Snowboard,Event1,2010,748,40,1,0,1
Curling,Event1,2014,557,15,1,0,1
Bobsleigh,Event4,2006,88,2,1,0,1
Skating,Event1,2002,853,24,0,1,1
Snowboard,Event1,2010,348,22,0,1,1
Skating,Event2,2018,435,17,0,1,0
Curling,Event1,2014,204,9,1,0,1
Snowboard,Event4,2022,687,11,0,0,0
Curling,Event1,2022,952,30,0,1,1
Skiing,Event2,2022,270,10,0,1,1
Bobsleigh,Event1,2006,110,19,1,1,0
Skating,Event2,2002,224,4,0,1,0
Curling,Event1,2002,119,8,0,0,1
Bobsleigh,Event3,2010,190,6,1,0,1
Bobsleigh,Event1,2010,344,43,0,0,1
Bobsleigh,Event1,2022,130,28,0,1,1
Bobsleigh,Event4,2018,598,48,1,0,1
Bobsleigh,Event4,2022,799,20,0,0,0
Skating,Event1,2014,708,28,1,1,1
Curling,Event4,2022,413,13,0,1,0
Skiing,Event4,2002,933,7,1,1,1
Skiing,Event3,2022,189,9,0,0,0
Curling,Event4,2002,750,19,0,0,1
Snowboard,Event2,2006,665,46,0,0,0
Skating,Event2,2006,115,27,0,1,1
Snowboard,Event4,2010,695,20,1,1,0
Bobsleigh,Event1,2002,619,34,1,0,0
Skiing,Event3,2014,559,30,0,0,0
Curling,Event4,2002,330,42,1,1,0
Curling,Event4,2010,134,14,1,0,1
Skating,Event3,2022,386,48,0,1,0
Skating,Event4,2022,565,32,1,0,0
Skating,Event4,2022,68,5,1,1,1
Skating,Event1,2002,160,47,1,1,1
Curling,Event3,2010,960,15,1,0,1
Bobsleigh,Event4,2002,294,20,1,1,0
Skiing,Event1,2014,70,34,0,1,1
Curling,Event3,2014,475,19,1,1,1
Skating,Event2,2014,918,16,0,0,0
Skating,Event4,2014,335,19,0,0,1
Skating,Event3,2010,678,29,1,0,1
Snowboard,Event1,2014,915,29,0,1,1
Skating,Event2,2002,21,5,1,0,0
Skating,Event1,2006,483,12,1,0,0
Curling,Event3,2014,459,45,0,1,0
Skating,Event3,2010,808,42,0,1,0
Bobsleigh,Event4,2010,650,35,1,1,1
Curling,Event4,2010,935,10,1,0,1
Skating,Event2,2018,763,9,0,0,0
Curling,Event1,2010,75,1,1,1,1
Skiing,Event4,2006,386,22,0,0,0
Skating,Event4,2014,49,40,1,1,0
Bobsleigh,Event2,2010,35,4,0,0,0
Snowboard,Event3,2014,738,40,0,0,0
Skating,Event1,2014,746,23,0,1,1
Skiing,Event3,2018,533,17,1,1,0
Curling,Event4,2010,595,17,0,0,0
Skiing,Event2,2002,551,37,1,1,1
Skiing,Event3,2002,971,27,0,0,0
Skiing,Event3,2002,714,30,1,0,1
Bobsleigh,Event2,2018,418,2,1,1,1
Curling,Event1,2010,696,14,1,0,0
Skiing,Event4,2002,924,19,0,0,0
Bobsleigh,Event4,2006,170,10,1,1,1
Snowboard,Event2,2022,410,32,1,0,1
Skiing,Event1,2014,793,26,1,1,0
Snowboard,Event1,2002,107,5,0,0,1
Curling,Event2,2006,543,15,1,0,0
Curling,Event4,2014,344,3,1,1,0
Bobsleigh,Event2,2022,192,17,1,1,1
Bobsleigh,Event1,2010,865,8,0,1,0
Bobsleigh,Event3,2010,647,20,0,1,0
Curling,Event4,2002,136,8,1,1,0
Bobsleigh,Event1,2010,485,43,1,0,0
Curling,Event4,2022,777,42,1,1,1
Skiing,Event1,2010,204,32,1,0,0
Snowboard,Event4,2014,947,3,1,0,0
Skating,Event4,2006,244,29,0,1,1
Skating,Event3,2014,10,19,1,0,0
Snowboard,Event1,2014,328,49,1,0,0
Curling,Event4,2014,620,5,0,0,1
Snowboard,Event3,2002,185,23,0,1,0
Snowboard,Event1,2014,612,19,0,0,0
Snowboard,Event2,2010,253,35,1,0,1
Skating,Event4,2014,89,32,1,1,1
Curling,Event2,2022,265,24,0,1,1
Skiing,Event4,2018,574,14,0,1,0
Snowboard,Event2,2022,834,13,1,0,1
Skiing,Event3,2022,591,12,1,1,1
Bobsleigh,Event1,2018,968,2,1,1,1
Skating,Event2,2002,26,4,0,0,1
Skating,Event1,2018,207,45,1,0,1
Bobsleigh,Event1,2018,160,36,0,0,0
Bobsleigh,Event1,2010,146,44,0,0,1
Skating,Event4,2006,511,37,0,0,0
Bobsleigh,Event3,2018,336,17,0,1,1
Curling,Event2,2022,747,49,0,1,0
Curling,Event3,2002,696,31,0,0,1
Snowboard,Event1,2022,932,43,1,0,0
Snowboard,Event1,2018,548,36,0,1,0
Snowboard,Event2,2006,404,47,0,1,0
Skating,Event3,2010,849,9,0,1,1
Snowboard,Event3,2006,400,32,0,0,1
Curling,Event2,2006,105,21,1,0,0
Skating,Event1,2002,402,40,0,0,1
Skating,Event3,2002,88,46,1,1,0
Bobsleigh,Event1,2018,409,12,1,1,0
Curling,Event2,2018,436,28,0,1,1
Skating,Event2,2022,589,26,1,1,1
Skiing,Event1,2018,88,14,0,0,1
Curling,Event2,2022,588,8,0,1,1
Skating,Event3,2002,794,27,0,1,1
Skiing,Event4,2014,904,48,1,1,1
Snowboard,Event1,2018,389,27,1,1,0
Curling,Event2,2006,388,18,1,1,0
Skating,Event2,2014,683,1,1,0,1
Curling,Event3,2018,107,27,0,1,0
Skiing,Event4,2014,481,49,1,1,0
Curling,Event2,2002,879,12,1,0,0
Snowboard,Event4,2006,997,33,0,0,0
Skating,Event4,2006,107,30,1,0,0
Curling,Event3,2018,243,47,1,0,0
Curling,Event2,2014,104,2,1,1,0
Skating,Event1,2006,326,42,1,0,1
Curling,Event1,2022,451,5,0,1,0
Curling,Event3,2010,457,41,0,1,1
Curling,Event2,2022,649,33,0,1,1
Skiing,Event4,2014,558,37,0,0,0
Bobsleigh,Event2,2018,970,42,1,1,0
Curling,Event3,2010,472,8,1,0,0
Bobsleigh,Event2,2010,965,19,0,0,1
Skating,Event2,2022,429,22,0,0,0
Snowboard,Event4,2002,806,15,1,1,1
Bobsleigh,Event1,2014,103,28,0,1,1
Curling,Event2,2014,699,2,1,0,1
Bobsleigh,Event1,2006,511,45,1,1,0
Bobsleigh,Event3,2006,824,5,0,0,1
Snowboard,Event3,2002,679,44,1,1,0
Snowboard,Event4,2014,145,4,1,0,1
Curling,Event2,2002,631,49,0,1,1
Snowboard,Event4,2010,762,45,1,1,1
Skating,Event1,2002,623,10,1,1,0
Skiing,Event4,2010,335,1,1,1,0
Bobsleigh,Event1,2010,723,15,1,0,0
Snowboard,Event4,2006,866,25,1,1,1
Skating,Event4,2014,839,38,0,1,0
Skating,Event2,2010,957,43,0,1,1
Curling,Event4,2022,749,4,0,1,1
Curling,Event2,2006,119,14,0,1,1
Snowboard,Event2,2010,208,23,1,0,1
Bobsleigh,Event4,2006,525,24,1,0,0
Skating,Event3,2006,500,45,1,0,1
Bobsleigh,Event2,2018,510,7,0,1,0
Bobsleigh,Event3,2006,989,41,1,1,1
Curling,Event3,2010,827,4,1,1,0
Snowboard,Event3,2018,423,16,0,1,0
Snowboard,Event3,2010,712,41,1,0,1
Snowboard,Event2,2022,853,50,1,0,0
Skating,Event1,2010,163,5,1,1,1
Skiing,Event4,2014,863,25,0,1,0
Snowboard,Event3,2014,268,3,1,0,1
Curling,Event4,2022,708,30,0,0,1
Skating,Event4,2014,390,15,0,1,1
Snowboard,Event4,2010,79,43,0,0,1
Skating,Event1,2018,872,19,0,1,0
Curling,Event3,2014,106,24,0,1,0
Skiing,Event4,2002,526,10,0,0,0
Snowboard,Event2,2010,91,49,0,0,0
Curling,Event3,2002,66,48,0,1,1
Skating,Event4,2006,632,37,0,1,1
Skating,Event2,2006,494,33,0,0,1
Snowboard,Event4,2010,492,45,1,1,1
Snowboard,Event3,2010,140,25,0,0,0
Curling,Event3,2022,888,27,1,0,0
Curling,Event3,2018,205,4,0,1,0
Curling,Event1,2002,433,4,1,1,1
Snowboard,Event1,2006,375,41,0,1,0
Bobsleigh,Event4,2022,906,41,0,0,1
Curling,Event1,2022,855,30,0,0,0
Snowboard,Event2,2002,821,25,0,1,0
Snowboard,Event2,2006,69,34,1,1,0
Skiing,Event1,2018,822,4,0,0,0
Bobsleigh,Event4,2002,789,44,0,1,1
Snowboard,Event3,2006,802,23,1,1,1
Skiing,Event1,2018,672,44,0,1,1
Bobsleigh,Event2,2018,401,16,1,0,1
Skiing,Event2,2006,515,45,1,0,0
Curling,Event1,2014,649,23,0,1,1
Skiing,Event1,2018,659,2,0,1,1
Curling,Event4,2018,248,40,1,0,0
Skiing,Event4,2022,493,15,0,0,0
Bobsleigh,Event4,2010,840,14,1,0,0
Skating,Event4,2014,534,40,0,0,1
Snowboard,Event3,2022,340,48,0,0,0
Skiing,Event1,2022,717,45,1,1,1
Skating,Event3,2014,609,10,0,1,1
Skiing,Event3,2002,818,47,1,0,0
Curling,Event2,2002,740,42,1,1,1
Snowboard,Event1,2006,353,50,1,0,0
Skiing,Event2,2006,7,45,1,0,0
Curling,Event4,2006,521,49,0,0,0
Snowboard,Event4,2006,610,22,1,1,1
Skiing,Event2,2014,220,30,0,0,1
Snowboard,Event4,2022,763,14,0,0,0
Curling,Event3,2002,479,25,1,1,0
Skiing,Event2,2014,293,27,0,0,0
Curling,Event3,2010,591,46,1,0,1
Bobsleigh,Event3,2014,164,5,0,1,0
Snowboard,Event3,2010,77,49,1,1,1
Curling,Event4,2014,867,13,1,0,1
Bobsleigh,Event3,2018,363,35,1,1,1
Bobsleigh,Event4,2018,367,43,1,1,1
Skiing,Event3,2002,575,27,1,0,1
Bobsleigh,Event4,2010,886,22,0,0,1
Snowboard,Event1,2010,632,9,1,1,1
Skiing,Event3,2006,435,17,1,1,1
Skiing,Event1,2010,706,26,1,0,1
Curling,Event2,2018,381,3,1,0,1
Curling,Event4,2010,1,41,0,0,0
Curling,Event3,2006,113,12,0,0,0
Snowboard,Event3,2010,717,25,0,1,1
Curling,Event3,2022,99,19,1,1,1
Skiing,Event3,2022,100,9,1,1,1
Snowboard,Event2,2022,560,21,0,0,1
Snowboard,Event3,2018,624,41,0,1,1
Curling,Event3,2022,664,39,1,0,0
Snowboard,Event4,2022,696,21,0,0,0
Snowboard,Event1,2002,562,6,1,1,1
Curling,Event1,2002,82,19,1,0,0
Bobsleigh,Event1,2018,556,40,0,0,1
Skiing,Event3,2022,770,21,1,0,1
Skating,Event1,2002,868,46,1,1,1
Snowboard,Event2,2010,933,44,1,1,1
Curling,Event1,2002,734,20,0,0,1
Skiing,Event2,2018,643,27,1,1,0
Bobsleigh,Event4,2006,333,22,0,1,1
Skiing,Event3,2002,621,4,0,1,1
Bobsleigh,Event4,2002,857,29,1,0,1
Skiing,Event4,2018,283,8,0,1,0
Curling,Event3,2018,210,25,1,1,1
Snowboard,Event2,2014,475,48,0,1,0
Curling,Event4,2018,859,43,0,1,1
Snowboard,Event3,2018,30,28,0,0,1
Bobsleigh,Event1,2002,12,11,0,1,0
Curling,Event1,2018,782,17,1,1,0
Skating,Event4,2006,721,17,1,0,1
Bobsleigh,Event2,2006,489,23,1,0,0
Snowboard,Event4,2022,542,32,0,0,0
Skiing,Event1,2022,237,15,1,1,0
Curling,Event2,2002,273,16,0,1,0
Bobsleigh,Event1,2022,477,49,0,0,1
Snowboard,Event4,2018,427,16,0,1,0
Snowboard,Event1,2006,692,12,0,0,0
Curling,Event1,2010,289,34,1,0,1
Skiing,Event4,2018,795,50,0,1,1
Snowboard,Event3,2014,115,49,0,1,0
Skating,Event1,2002,721,41,0,1,0
Curling,Event3,2002,511,3,0,0,0
Curling,Event4,2014,693,18,0,1,0
Curling,Event1,2010,757,43,1,0,1
Skiing,Event4,2006,229,16,1,0,0
Bobsleigh,Event2,2006,49,6,1,0,1
Snowboard,Event4,2018,377,19,1,0,0
Skiing,Event4,2014,9,41,0,1,0
Skiing,Event2,2002,844,9,1,0,1
Bobsleigh,Event4,2010,737,41,1,0,1
Curling,Event2,2002,775,45,0,1,0
Skiing,Event1,2006,278,17,1,1,0
Snowboard,Event2,2018,85,34,1,1,1
Skating,Event3,2022,609,29,0,1,1
Bobsleigh,Event2,2022,921,49,0,1,1
Skating,Event3,2006,696,7,1,1,1
Curling,Event3,2018,2,17,1,1,0
Skating,Event3,2010,313,27,1,1,1
Snowboard,Event1,2010,757,21,0,1,0
Snowboard,Event4,2010,389,21,0,0,0
Skating,Event2,2002,488,36,1,0,0
Curling,Event1,2006,796,28,1,1,1
Snowboard,Event2,2018,220,32,1,1,0
Bobsleigh,Event1,2010,258,10,0,1,0
Curling,Event3,2002,734,14,0,1,0
Curling,Event3,2014,141,12,0,1,0
Skiing,Event4,2010,936,5,1,1,0
Bobsleigh,Event1,2022,54,28,0,0,0
Snowboard,Event4,2014,215,15,1,0,0
Skiing,Event3,2018,194,41,1,1,1
Snowboard,Event2,2014,967,15,0,0,1
Skating,Event1,2022,63,36,1,0,0
Skiing,Event3,2006,575,8,1,0,1
Curling,Event1,2014,262,13,0,1,1
Curling,Event3,2006,193,19,1,0,1
Curling,Event1,2010,52,37,0,0,1
Curling,Event3,2006,848,41,0,0,0
Bobsleigh,Event2,2002,386,13,0,0,1
Curling,Event1,2022,529,42,1,0,1
Skating,Event4,2018,245,37,0,1,0
Curling,Event1,2006,375,32,1,0,0
Curling,Event3,2002,583,33,0,1,0
Skating,Event3,2022,639,24,0,0,1
Bobsleigh,Event1,2010,147,35,0,0,0
Snowboard,Event4,2014,519,37,1,0,1
Bobsleigh,Event3,2002,954,7,0,0,1
Skating,Event3,2002,770,10,1,1,1
Skiing,Event1,2022,887,9,0,0,1
Curling,Event3,2014,377,6,0,0,0
Curling,Event4,2014,769,35,1,1,1
Curling,Event4,2022,243,36,1,1,0
Snowboard,Event3,2010,515,5,1,0,0
Curling,Event1,2006,607,5,0,0,1
Curling,Event4,2006,339,8,0,0,0
Curling,Event1,2002,158,25,0,0,1
Skiing,Event3,2002,393,30,1,0,1
Curling,Event2,2018,164,21,1,1,1
Skating,Event4,2014,228,5,1,0,1
Skating,Event3,2018,976,4,0,1,1
Curling,Event3,2022,948,19,0,0,1
Curling,Event3,2014,435,29,1,0,0
Bobsleigh,Event4,2014,76,32,1,1,0
Skating,Event3,2010,963,11,0,1,0
Skiing,Event3,2018,801,28,1,0,1
Skating,Event4,2018,54,25,1,0,1
Skiing,Event4,2002,712,42,0,1,1
Curling,Event1,2002,439,3,0,1,1
Skating,Event2,2018,618,24,0,0,0
Skating,Event3,2006,262,1,0,1,0
Skating,Event2,2022,477,40,0,1,0
Snowboard,Event2,2010,540,46,1,1,0
Bobsleigh,Event3,2010,270,41,1,1,1
Snowboard,Event4,2010,137,23,1,0,0
Skating,Event2,2014,543,11,1,1,1
Snowboard,Event3,2018,507,44,1,0,1
Snowboard,Event4,2014,949,12,1,0,0
Snowboard,Event1,2010,543,1,1,1,1
Skating,Event1,2002,867,39,0,0,1
Bobsleigh,Event4,2002,662,46,0,1,1
Curling,Event2,2014,922,7,0,0,0
Snowboard,Event3,2018,657,25,0,1,0
Snowboard,Event4,2010,464,4,1,0,0
Skiing,Event2,2014,79,15,0,0,1
Skating,Event4,2010,810,7,1,0,1
Skiing,Event1,2006,438,32,1,0,1
Snowboard,Event2,2006,727,47,1,0,0
Skiing,Event4,2002,853,13,0,0,1
Skiing,Event4,2002,542,17,1,1,0
Snowboard,Event4,2014,819,45,0,1,0
Skiing,Event4,2018,814,10,1,1,0
Bobsleigh,Event3,2014,949,4,0,0,0
Bobsleigh,Event4,2014,300,4,0,1,0
Skiing,Event2,2006,380,41,1,1,0
Snowboard,Event1,2014,97,1,1,0,1
Skiing,Event1,2014,64,2,0,0,0
Curling,Event2,2022,120,11,1,0,0
Skating,Event1,2022,37,8,0,0,1
Snowboard,Event2,2010,744,38,0,0,1
Bobsleigh,Event4,2018,531,31,0,0,0
Skating,Event3,2002,84,50,1,0,0
Snowboard,Event2,2022,156,24,0,1,1
Curling,Event3,2018,647,25,0,1,1
Curling,Event1,2002,920,32,0,0,1
Skating,Event3,2018,400,21,1,0,0
Skating,Event2,2022,86,34,0,1,1
Snowboard,Event1,2010,713,30,1,1,0
Curling,Event3,2006,992,17,0,1,0
Curling,Event3,2006,233,8,1,1,1
Snowboard,Event4,2014,966,8,0,0,0
Curling,Event1,2014,93,45,0,0,0
Curling,Event1,2018,426,29,1,1,1
Skating,Event2,2006,523,48,1,0,1
Curling,Event1,2002,944,20,1,0,0
Snowboard,Event4,2014,401,29,1,0,1
Skiing,Event2,2022,624,28,1,0,0
Skating,Event4,2002,425,20,1,1,1
Snowboard,Event3,2022,312,27,1,1,1
Skiing,Event2,2022,835,41,1,0,1
Curling,Event3,2006,477,33,0,0,1
Curling,Event2,2006,826,30,1,1,1
Skating,Event3,2006,512,20,1,1,1
Skating,Event3,2022,61,13,0,0,0
Skiing,Event3,2006,394,27,1,1,1
Curling,Event2,2006,140,16,1,1,0
Curling,Event3,2014,428,33,0,0,1
Skating,Event4,2022,378,20,0,0,0
Snowboard,Event1,2002,207,15,1,1,0
Snowboard,Event1,2010,689,30,1,0,0
Skating,Event1,2002,948,6,1,0,1
Curling,Event2,2002,363,16,1,0,0
Skiing,Event3,2018,474,47,1,1,0
Snowboard,Event1,2014,207,39,1,1,0
Skating,Event4,2022,621,49,0,0,1
Skiing,Event1,2022,962,39,0,0,0
Snowboard,Event3,2010,227,1,0,0,1
Bobsleigh,Event2,2006,769,1,1,1,1
Snowboard,Event3,2006,458,42,1,0,0
Snowboard,Event2,2014,885,13,0,1,1
Bobsleigh,Event2,2022,657,7,0,1,0
Skiing,Event1,2014,348,15,1,0,1
Skiing,Event3,2006,443,47,1,0,0
Skiing,Event4,2022,821,17,1,0,1
Curling,Event2,2022,519,48,0,1,1
Skating,Event2,2022,554,47,1,1,0
Skating,Event3,2022,486,17,0,1,1
Skating,Event2,2018,972,38,1,0,1
Skating,Event4,2018,570,38,0,0,1
Skating,Event3,2022,303,2,1,0,0
Skiing,Event1,2002,308,41,1,0,0
Bobsleigh,Event4,2018,330,18,1,0,0
Skating,Event4,2022,635,35,1,1,0
Bobsleigh,Event2,2006,243,37,1,0,0
Skiing,Event2,2022,355,48,1,0,1
Curling,Event3,2014,710,14,1,1,0
Skiing,Event2,2010,162,20,1,1,0
Skiing,Event2,2002,756,8,0,1,1
Skiing,Event4,2006,684,14,1,0,1
Curling,Event3,2018,648,12,0,1,0
Skating,Event4,2018,317,20,0,1,1
Skiing,Event4,2002,237,21,0,1,0
Skiing,Event3,2010,552,50,0,1,1
Curling,Event4,2006,626,28,1,0,0
Skiing,Event4,2002,786,10,0,0,1
Snowboard,Event4,2018,301,10,1,1,1
Skiing,Event3,2006,407,43,1,0,0
Snowboard,Event4,2022,968,23,0,1,1
Snowboard,Event1,2022,956,42,0,1,1
Snowboard,Event3,2018,882,18,1,0,1
Skating,Event2,2006,102,50,0,0,1
Bobsleigh,Event3,2010,988,2,0,1,0
Skiing,Event1,2014,734,45,0,0,1
Curling,Event2,2006,702,24,0,1,0
Curling,Event1,2014,839,23,1,0,0
Skiing,Event4,2022,832,16,1,0,1
Snowboard,Event3,2022,330,18,1,0,0
Skiing,Event4,2022,300,22,1,1,1
Skating,Event1,2022,910,19,1,1,0
Snowboard,Event2,2002,412,16,0,0,1
Curling,Event2,2022,444,13,0,1,1
Skating,Event4,2022,518,25,1,0,1
Skiing,Event2,2010,24,30,1,1,1
Skiing,Event4,2018,657,44,1,0,1
Curling,Event4,2002,972,4,1,1,1
Skating,Event2,2006,395,49,1,1,1
Skiing,Event3,2002,185,44,1,0,1
Curling,Event4,2018,291,33,0,1,1
Skiing,Event1,2002,904,5,0,0,1
Skiing,Event4,2022,222,34,0,0,0
Bobsleigh,Event1,2018,98,33,0,0,1
Snowboard,Event2,2002,424,22,0,0,0
Bobsleigh,Event3,2014,432,48,0,0,0
Snowboard,Event4,2022,451,44,1,0,0
Bobsleigh,Event2,2010,612,6,1,0,0
Curling,Event1,2014,894,28,1,0,1
Bobsleigh,Event2,2002,212,6,1,1,0
Skiing,Event2,2010,141,46,1,1,0
Skating,Event3,2018,253,32,1,1,0
Skiing,Event2,2010,448,49,1,1,0
Bobsleigh,Event2,2018,113,30,0,1,0
Skating,Event3,2018,710,13,1,0,0
Curling,Event3,2002,240,22,0,0,0
Skating,Event4,2002,731,31,1,1,1
Skating,Event4,2010,662,48,1,1,1
Skating,Event3,2018,146,8,1,0,0
Skiing,Event2,2010,928,21,1,1,1
Skiing,Event3,2002,224,50,0,1,0
Curling,Event3,2022,389,24,0,1,1
Bobsleigh,Event4,2022,763,15,1,1,1
Bobsleigh,Event4,2002,234,20,0,0,1
Curling,Event2,2010,885,6,0,1,1
Bobsleigh,Event2,2018,748,47,1,1,1
Skating,Event4,2006,973,46,0,1,1
Skiing,Event2,2018,239,14,1,1,1
Bobsleigh,Event3,2010,868,7,0,1,0
Snowboard,Event4,2002,768,50,0,0,0
Skiing,Event2,2022,940,18,0,0,1
Snowboard,Event2,2014,754,44,0,1,0
Curling,Event1,2006,82,43,0,1,1
Bobsleigh,Event3,2014,720,24,0,1,1
Snowboard,Event4,2022,928,42,1,1,1
Snowboard,Event4,2018,751,23,1,1,0
Skiing,Event3,2018,89,30,1,1,0
Snowboard,Event1,2014,604,46,0,0,1
Skiing,Event1,2018,881,42,0,0,1
Snowboard,Event4,2014,533,28,1,0,0
Skiing,Event2,2006,965,25,1,0,0
Skiing,Event3,2006,268,7,0,1,0
Skiing,Event4,2014,383,7,0,0,1
Curling,Event3,2018,383,31,1,0,0
Snowboard,Event4,2022,73,2,1,0,1
Skiing,Event3,2010,211,34,1,1,1
Skiing,Event2,2022,770,37,1,1,1
Bobsleigh,Event2,2002,973,41,0,1,1
Skating,Event4,2002,288,47,0,0,1
Curling,Event2,2022,901,20,1,0,0
Curling,Event1,2002,533,50,1,0,1
Skiing,Event1,2006,287,7,1,0,0
Bobsleigh,Event3,2006,906,16,1,0,0
Skiing,Event2,2010,837,41,0,1,0
Skating,Event4,2002,822,33,1,1,0
Skiing,Event4,2014,621,43,1,0,0
Skiing,Event1,2002,507,9,1,1,0
Skiing,Event3,2002,925,31,1,0,1
Snowboard,Event4,2006,83,15,0,1,0
Skating,Event4,2002,638,27,1,0,1
Bobsleigh,Event2,2014,95,18,1,1,0
Bobsleigh,Event3,2022,545,45,1,1,0
Curling,Event4,2018,381,45,1,1,0
Bobsleigh,Event1,2006,68,37,0,0,1
Bobsleigh,Event4,2002,682,49,1,0,0
Curling,Event2,2022,450,37,1,0,1
Skating,Event3,2006,454,33,1,0,0
Skiing,Event2,2018,559,32,0,1,1
Bobsleigh,Event3,2018,315,48,0,1,1
Snowboard,Event4,2022,279,39,0,0,0
Curling,Event2,2006,388,36,1,1,0
Curling,Event4,2010,382,48,1,1,1
Skating,Event4,2022,711,25,1,0,0
Snowboard,Event2,2010,766,27,1,0,0
Snowboard,Event1,2006,133,10,0,1,1
Skating,Event1,2010,78,9,0,1,1
Skating,Event2,2022,817,24,0,1,1
Skating,Event4,2006,101,19,0,1,1
Curling,Event2,2022,260,32,1,1,0
Curling,Event2,2022,990,33,0,1,0
Skiing,Event1,2006,262,21,1,1,0
Bobsleigh,Event2,2018,618,25,1,0,0
Snowboard,Event2,2006,518,13,0,1,1
Snowboard,Event2,2018,737,26,0,1,0
Bobsleigh,Event2,2018,892,47,1,0,1
Skating,Event2,2022,146,16,1,0,1
Snowboard,Event2,2014,557,32,0,1,0
Skiing,Event1,2014,965,34,1,1,0
Curling,Event2,2010,181,39,1,0,1
Bobsleigh,Event2,2022,158,27,1,0,0
Skiing,Event4,2014,451,30,1,1,1
Curling,Event4,2002,546,5,0,1,1
Skating,Event4,2018,973,37,0,0,0
Skating,Event2,2022,498,18,0,1,0
Skating,Event2,2014,121,4,0,0,0
Skating,Event4,2014,193,25,1,0,1
Snowboard,Event1,2018,550,27,1,0,0
Curling,Event3,2002,410,16,1,1,0
Skating,Event4,2014,869,14,1,1,0
Bobsleigh,Event3,2002,12,30,0,1,0
Snowboard,Event3,2018,794,1,0,1,1
Snowboard,Event2,2022,1000,18,1,0,1
Skiing,Event3,2018,30,20,1,0,1
Snowboard,Event4,2010,280,15,1,1,0
Bobsleigh,Event3,2018,579,26,0,0,1
Bobsleigh,Event4,2014,146,10,0,0,1
Skating,Event4,2022,692,6,1,0,0
Skiing,Event1,2006,509,1,0,1,1
Skiing,Event4,2014,825,40,1,1,0
Snowboard,Event1,2010,111,17,1,0,1
Snowboard,Event1,2002,953,28,0,0,0
Bobsleigh,Event3,2002,56,2,1,0,1
Skating,Event3,2018,225,38,0,0,1
Skating,Event3,2010,967,28,1,0,0
Curling,Event2,2002,311,48,1,1,0
Curling,Event3,2022,88,29,1,0,0
Skiing,Event2,2018,82,21,1,1,0
Bobsleigh,Event1,2010,756,43,1,1,0
Skiing,Event4,2006,422,8,0,0,1
Skating,Event1,2022,827,33,0,0,1
Curling,Event1,2022,385,37,0,0,0
Skating,Event3,2006,559,29,1,0,0
Skiing,Event2,2018,294,4,1,0,0
Snowboard,Event3,2002,329,25,0,0,0
Snowboard,Event1,2006,669,27,0,1,1
Snowboard,Event4,2010,270,40,0,1,1
Skiing,Event2,2018,967,28,1,1,1
Skiing,Event2,2014,657,4,1,1,1
Skating,Event4,2002,345,26,1,0,0
Skiing,Event1,2010,402,1,1,1,1
Skiing,Event3,2002,880,7,0,0,1
Skiing,Event4,2014,644,24,1,1,0
Skating,Event1,2010,633,2,1,1,1
Bobsleigh,Event3,2014,551,37,0,1,0
Snowboard,Event1,2018,316,32,1,0,1
Curling,Event1,2022,196,21,0,0,1
Skiing,Event1,2002,142,30,1,1,1
Skiing,Event3,2006,258,44,0,0,0
Skiing,Event1,2022,595,4,0,1,1
Curling,Event2,2014,461,13,0,0,0
Skiing,Event2,2002,270,24,0,0,1
Snowboard,Event1,2006,317,25,0,0,0
Snowboard,Event4,2010,649,10,1,1,1
Bobsleigh,Event4,2014,779,35,0,1,0
Skiing,Event1,2022,369,36,1,0,0
Skating,Event4,2010,886,4,0,1,1
Curling,Event3,2014,554,7,0,1,1
Snowboard,Event3,2018,949,47,0,1,0
Skating,Event1,2010,278,28,1,0,1
Skating,Event1,2014,96,3,0,1,1
Bobsleigh,Event2,2014,401,28,1,1,1
Skating,Event2,2022,702,26,0,1,1
Bobsleigh,Event4,2010,619,40,1,0,0
Curling,Event3,2010,945,50,0,0,0
Bobsleigh,Event2,2006,391,28,1,1,0
Snowboard,Event4,2002,320,25,0,0,1
Curling,Event3,2018,964,4,1,0,0
Skiing,Event3,2002,646,13,0,0,1
Bobsleigh,Event1,2002,969,29,0,0,1
Snowboard,Event3,2014,193,20,1,1,0
Bobsleigh,Event2,2022,180,15,0,1,1
Skiing,Event4,2018,165,11,1,1,1
Curling,Event1,2006,650,46,1,1,1
Skiing,Event4,2010,458,18,0,1,0
Snowboard,Event4,2006,589,41,1,0,1
Skating,Event4,2010,450,32,0,1,0
Snowboard,Event2,2022,297,17,0,1,0
Skiing,Event1,2018,324,17,1,1,0
Snowboard,Event2,2010,107,24,0,1,0
Skating,Event3,2002,69,28,0,1,0
Bobsleigh,Event3,2018,932,8,1,1,1
Curling,Event2,2014,706,23,0,0,0
Skating,Event4,2018,98,18,1,0,1
Skating,Event1,2010,903,31,0,0,1
Bobsleigh,Event3,2002,742,40,0,0,1
Skiing,Event4,2018,71,1,0,1,0
Snowboard,Event3,2014,658,7,1,1,0
Skating,Event3,2002,287,38,1,1,0
Snowboard,Event4,2006,393,36,0,1,0
Snowboard,Event4,2014,744,5,0,1,0
Snowboard,Event1,2014,848,35,1,0,1
Curling,Event2,2022,907,2,0,1,0
Skating,Event4,2010,257,22,0,0,0
Skiing,Event4,2022,3,17,1,0,0
Snowboard,Event1,2018,491,15,0,0,0
Curling,Event4,2022,844,25,0,0,1
Curling,Event2,2006,801,32,0,1,1
Skiing,Event3,2006,150,42,1,0,1
Snowboard,Event1,2010,476,15,1,0,1
Curling,Event2,2014,776,43,1,1,0
Skiing,Event3,2006,985,37,1,0,1
Skating,Event1,2006,694,43,1,1,1
Curling,Event4,2002,649,25,0,0,1
Curling,Event4,2010,904,1,1,0,1
Curling,Event1,2014,298,6,0,0,0
Bobsleigh,Event3,2014,318,46,0,0,1
Skating,Event2,2014,42,3,1,0,0
Curling,Event2,2018,266,14,1,1,0
Snowboard,Event3,2018,308,24,0,0,1
Skiing,Event4,2010,889,32,1,0,1
Snowboard,Event4,2014,364,26,1,1,0
Curling,Event3,2014,207,35,0,1,1
Bobsleigh,Event4,2010,792,30,0,0,0
Skiing,Event1,2006,131,41,0,0,0
Snowboard,Event4,2010,805,14,1,0,0
Skating,Event3,2022,524,14,1,1,1
Bobsleigh,Event3,2018,519,34,0,1,0
Snowboard,Event2,2010,155,24,1,0,0
Snowboard,Event2,2010,706,16,1,0,0
Skating,Event1,2014,201,44,1,1,1
Skiing,Event4,2018,742,37,0,1,1
Skiing,Event3,2014,799,21,1,0,0
Snowboard,Event1,2022,932,5,0,0,0
Curling,Event2,2002,733,9,0,1,1
Skiing,Event2,2002,881,27,0,0,0
Curling,Event3,2010,102,17,0,0,1
Curling,Event2,2014,762,48,0,0,1
Skating,Event3,2006,931,31,0,1,0
Skating,Event3,2002,855,40,1,1,1
Bobsleigh,Event1,2002,696,8,1,0,0
Curling,Event4,2018,306,12,0,0,1
Curling,Event3,2010,813,18,1,0,0
Curling,Event4,2022,577,46,0,0,0
Skating,Event4,2002,582,30,0,0,0
Snowboard,Event1,2010,301,22,1,0,1
Snowboard,Event4,2014,655,50,0,1,0
Curling,Event2,2010,440,19,0,0,0
Snowboard,Event4,2018,622,6,1,0,1
Snowboard,Event4,2014,961,37,1,0,0
Snowboard,Event1,2022,582,19,1,1,1
Skiing,Event2,2006,987,43,0,0,0
Curling,Event3,2002,371,22,0,1,1
Snowboard,Event4,2006,921,29,0,1,0
Curling,Event2,2014,36,9,1,1,1
Snowboard,Event4,2018,378,35,1,0,0
Skiing,Event4,2006,936,5,0,1,1
Skiing,Event3,2022,631,17,1,0,1
Skating,Event3,2022,206,6,0,1,1
Bobsleigh,Event4,2002,679,3,0,0,0
Bobsleigh,Event3,2018,425,3,1,1,1
Snowboard,Event2,2010,889,34,1,0,1
Curling,Event2,2002,269,37,1,1,0
Skiing,Event2,2010,725,36,1,0,1
Curling,Event1,2018,917,33,0,0,1
Skiing,Event1,2010,128,20,0,1,0
Skating,Event1,2018,358,1,0,0,1
Bobsleigh,Event3,2022,166,39,1,0,1
Skating,Event1,2006,176,27,1,1,0
Skating,Event3,2022,225,45,0,1,1
Curling,Event4,2002,868,19,0,1,0
Snowboard,Event1,2014,290,46,1,0,1
Curling,Event4,2018,667,22,0,1,1
Snowboard,Event2,2002,583,7,0,0,0
Skating,Event4,2014,126,17,0,0,1
Skiing,Event2,2002,623,49,1,0,1
Curling,Event3,2002,851,44,1,0,0
Bobsleigh,Event3,2022,219,16,0,1,0
Curling,Event3,2006,245,32,1,0,1
Skiing,Event3,2022,242,30,1,1,1
Curling,Event3,2006,479,6,1,0,0
Skiing,Event3,2006,246,15,0,0,0
Curling,Event3,2014,590,27,1,1,1
Skiing,Event2,2006,72,7,1,0,1
Snowboard,Event2,2018,298,35,1,0,0
Bobsleigh,Event4,2006,89,24,1,0,0
Snowboard,Event1,2006,658,42,1,0,0
Skiing,Event3,2014,656,22,0,1,1
Bobsleigh,Event1,2006,411,20,1,0,1
Skiing,Event3,2010,173,12,0,0,0
Skating,Event2,2010,524,43,1,0,1
Snowboard,Event2,2022,262,39,1,1,1
Bobsleigh,Event3,2018,246,42,0,1,0
Skiing,Event4,2002,700,25,1,0,1
Skating,Event1,2006,201,45,0,1,1
Skiing,Event2,2010,268,30,0,0,1
Skating,Event1,2002,410,13,0,1,0
Curling,Event3,2018,118,17,0,0,1
Curling,Event4,2018,644,26,0,1,1
Curling,Event4,2006,748,5,0,1,1
Skating,Event3,2006,397,32,1,1,1
Bobsleigh,Event3,2014,491,41,0,1,1
Curling,Event1,2002,708,15,0,0,0
Bobsleigh,Event2,2002,850,29,0,0,1
Bobsleigh,Event1,2018,581,25,0,1,1
Snowboard,Event1,2018,361,8,1,1,1
Bobsleigh,Event1,2014,757,3,0,1,1
Curling,Event4,2002,839,27,0,0,1
Snowboard,Event3,2022,414,5,1,0,0
Snowboard,Event4,2014,72,44,1,0,0
Curling,Event3,2014,541,39,0,1,0
Bobsleigh,Event1,2006,57,46,0,1,1
Skiing,Event1,2006,51,9,1,0,0
Curling,Event2,2018,641,24,1,0,0
Snowboard,Event2,2002,476,10,0,0,0
Curling,Event2,2010,754,36,0,0,0
Snowboard,Event3,2002,109,45,0,0,1
Bobsleigh,Event2,2018,844,43,1,0,1
Snowboard,Event4,2014,449,35,0,0,1
Skiing,Event3,2006,134,38,1,1,1
Skiing,Event3,2010,703,17,1,1,1
Skating,Event2,2002,920,26,0,0,1
Snowboard,Event1,2010,693,44,1,0,1
Curling,Event1,2006,864,38,0,0,0
Skiing,Event1,2018,279,16,0,0,1
Skiing,Event1,2002,718,41,1,1,0
Curling,Event1,2022,346,1,1,1,1
Skiing,Event3,2010,245,11,1,0,0
Snowboard,Event1,2006,724,34,1,1,0
Bobsleigh,Event1,2022,387,38,0,1,0
Skating,Event1,2018,759,34,1,0,1
Curling,Event2,2006,519,7,0,1,0
Skating,Event4,2022,681,19,0,0,0
Bobsleigh,Event4,2006,180,27,1,1,0
Skating,Event2,2010,954,35,0,1,0
Bobsleigh,Event2,2010,505,34,0,0,1
Skating,Event3,2022,445,27,1,1,0
Curling,Event2,2022,933,40,0,0,0
Curling,Event1,2010,534,50,1,0,0
Snowboard,Event3,2018,84,8,0,0,1
Bobsleigh,Event1,2006,196,50,1,0,1
Snowboard,Event4,2018,167,33,0,0,1
Skiing,Event1,2006,710,16,1,1,0
Skiing,Event4,2014,837,25,1,0,0
Bobsleigh,Event1,2014,575,38,0,1,1
Bobsleigh,Event4,2002,559,5,0,0,1
Bobsleigh,Event4,2022,47,23,0,0,1
Bobsleigh,Event2,2002,643,36,0,0,0
Skiing,Event2,2002,722,6,1,0,1
Skiing,Event3,2022,240,2,1,1,1
Bobsleigh,Event4,2018,642,38,1,0,1
Snowboard,Event4,2006,308,38,0,0,0
Snowboard,Event4,2014,539,47,0,0,1
Skating,Event1,2002,265,7,1,0,0
Curling,Event1,2006,27,29,1,1,0
Bobsleigh,Event1,2014,720,7,1,1,1
Bobsleigh,Event3,2022,552,44,0,0,1
Curling,Event3,2018,941,5,0,1,1
Snowboard,Event2,2006,800,18,1,1,0
Skating,Event3,2014,146,20,1,1,0
Skiing,Event2,2018,420,13,1,0,0
Snowboard,Event1,2014,8,43,1,1,0
Bobsleigh,Event2,2006,70,40,0,0,1
Skiing,Event4,2014,844,34,1,0,1
Curling,Event1,2022,559,24,0,1,1
Skiing,Event3,2014,41,50,1,1,0
Curling,Event4,2010,398,23,1,1,0
Bobsleigh,Event3,2014,400,27,1,0,1
Bobsleigh,Event1,2002,842,8,0,0,1
Skiing,Event1,2018,706,43,0,1,0
Skating,Event4,2014,647,38,0,1,0
Skating,Event3,2006,354,30,1,0,1
Skiing,Event2,2006,356,39,1,0,1
Skiing,Event4,2022,779,43,0,0,1
Curling,Event3,2006,165,38,1,1,0
Curling,Event1,2022,707,1,0,0,0
Snowboard,Event2,2002,579,1,1,0,0
Curling,Event4,2014,353,36,1,0,0
Skating,Event1,2010,444,22,0,0,1
Bobsleigh,Event4,2002,689,48,0,1,0
Curling,Event4,2022,617,37,0,1,1
Curling,Event4,2018,880,5,0,0,1
Skating,Event2,2014,137,27,1,0,1
Curling,Event4,2014,688,31,0,1,1
Skating,Event2,2018,421,46,1,0,1
Snowboard,Event1,2010,876,18,1,0,1
Skiing,Event2,2010,336,11,1,1,0
Skating,Event1,2018,824,31,1,1,0
Skating,Event4,2006,272,19,0,1,1
Snowboard,Event3,2002,104,15,0,0,1
Skiing,Event4,2010,859,46,0,1,0
Skiing,Event1,2006,284,40,1,0,0
Snowboard,Event1,2010,18,19,1,0,1
Bobsleigh,Event4,2022,746,13,1,1,0
Curling,Event4,2022,167,31,0,0,0
Snowboard,Event1,2006,314,21,1,1,1
Snowboard,Event3,2006,988,49,0,0,0
Snowboard,Event3,2010,982,39,1,1,0
Bobsleigh,Event4,2022,682,13,0,1,0
Snowboard,Event1,2022,892,47,1,1,1
Bobsleigh,Event1,2014,20,39,1,0,0
Skiing,Event2,2022,861,23,1,0,1
Bobsleigh,Event4,2006,71,4,0,0,0
Skating,Event4,2018,998,45,1,1,0
Skiing,Event1,2010,305,18,0,1,1
Bobsleigh,Event2,2002,968,24,1,0,1
Skating,Event4,2006,822,12,0,0,0
Bobsleigh,Event3,2018,582,12,0,0,1
Curling,Event4,2002,121,48,0,1,1
Skiing,Event4,2006,5,43,0,0,1
Snowboard,Event2,2006,233,42,1,1,1
Bobsleigh,Event4,2014,627,18,1,1,1
Curling,Event2,2010,120,49,1,1,0
Bobsleigh,Event1,2014,452,23,1,1,1
Skating,Event3,2022,768,29,1,1,1
Skating,Event1,2022,596,12,1,0,1
Snowboard,Event2,2010,396,35,0,1,0
Bobsleigh,Event3,2006,188,43,1,0,1
Skiing,Event1,2018,479,31,1,0,1
Skiing,Event3,2010,574,31,1,1,1
Bobsleigh,Event4,2006,599,29,0,0,0
Skiing,Event4,2006,510,32,1,0,1
Snowboard,Event4,2014,684,46,1,0,0
Skating,Event1,2022,841,21,1,1,1
Curling,Event2,2002,415,14,1,1,1
Skiing,Event4,2010,791,8,1,0,0
Curling,Event1,2010,914,5,0,0,1
Snowboard,Event1,2018,767,47,1,1,1
Skiing,Event3,2014,859,27,0,0,1
Skiing,Event3,2018,243,40,1,1,0
Skiing,Event3,2010,709,11,0,1,1
Skiing,Event2,2010,396,24,1,0,1
Bobsleigh,Event4,2006,942,21,0,1,0
Curling,Event1,2006,163,30,0,0,0
Skiing,Event1,2002,147,6,1,0,0
Snowboard,Event3,2014,998,44,1,1,1
Bobsleigh,Event4,2006,298,44,0,0,0
Curling,Event1,2006,131,43,0,0,1
Bobsleigh,Event3,2018,530,16,1,0,1
Bobsleigh,Event4,2006,142,37,1,1,1
Skating,Event4,2006,486,7,0,1,0
Curling,Event3,2010,402,40,1,1,0
Snowboard,Event1,2014,409,2,1,1,0
Skiing,Event4,2006,945,28,1,1,1
Snowboard,Event4,2006,275,18,1,1,0
Skiing,Event2,2022,543,44,1,0,0
Snowboard,Event2,2014,314,38,0,0,0
Skiing,Event2,2006,39,12,0,1,0
Curling,Event3,2002,216,25,1,0,1
Skating,Event1,2022,398,43,1,0,0
Bobsleigh,Event1,2002,785,35,1,1,1
Skating,Event1,2018,56,49,0,0,0
Curling,Event4,2002,488,16,1,1,1
Curling,Event2,2014,479,17,1,1,1
Curling,Event1,2002,837,14,0,0,0
Snowboard,Event3,2010,249,29,1,1,0
Skiing,Event3,2018,352,35,0,0,1
Skating,Event3,2018,983,40,1,0,0
Skating,Event2,2002,934,9,0,0,1
Skating,Event2,2022,632,11,0,0,1
Snowboard,Event1,2010,114,9,1,1,0
Bobsleigh,Event4,2002,469,32,0,1,1
Skating,Event3,2022,846,31,1,1,0
Skiing,Event2,2002,383,49,1,1,0
Skiing,Event1,2006,306,11,1,1,1
Snowboard,Event4,2006,586,18,1,1,1
Snowboard,Event2,2022,102,1,0,0,1
Snowboard,Event3,2018,730,31,0,1,0
Curling,Event4,2010,36,12,1,0,0
Bobsleigh,Event3,2006,114,48,0,0,0
Snowboard,Event4,2006,952,34,0,1,0
Bobsleigh,Event4,2022,913,50,1,1,0
Bobsleigh,Event3,2018,728,40,0,0,1
Skating,Event2,2022,678,46,0,1,1
Curling,Event2,2018,342,2,0,0,0
Skiing,Event4,2002,703,3,0,0,0
Curling,Event2,2002,368,16,0,0,0
Snowboard,Event2,2018,736,23,1,0,0
Skating,Event4,2014,73,29,0,0,0
Skating,Event4,2018,186,17,1,1,0
Skiing,Event4,2006,582,3,1,1,1
Skiing,Event4,2018,544,41,1,1,1
Skiing,Event2,2014,971,13,0,1,0
Curling,Event3,2002,158,45,1,1,0
Bobsleigh,Event2,2006,760,30,0,1,0
Skating,Event1,2022,994,28,1,1,1
Skating,Event4,2018,426,25,1,1,1
Bobsleigh,Event1,2010,170,46,1,0,0
Skiing,Event1,2022,113,14,1,1,0
Bobsleigh,Event3,2014,750,7,0,1,0
Snowboard,Event2,2006,982,12,0,1,0
Curling,Event4,2014,800,50,0,0,0
Curling,Event3,2010,46,8,1,1,0
Bobsleigh,Event4,2014,378,30,1,1,0
Skiing,Event1,2002,20,23,0,0,1
Curling,Event3,2014,623,49,0,0,0
Skating,Event1,2010,58,9,1,1,0
Skiing,Event3,2022,356,41,1,0,0
Snowboard,Event4,2010,511,50,1,1,1
Skiing,Event2,2002,522,49,0,0,0
Bobsleigh,Event1,2022,760,35,1,1,1
Bobsleigh,Event3,2002,108,43,0,0,0
Snowboard,Event3,2022,928,44,1,0,1
Curling,Event2,2006,974,26,1,1,1
Skiing,Event1,2014,883,29,0,0,1
Skiing,Event1,2002,433,24,0,1,0
Skating,Event3,2022,847,37,1,0,0
Bobsleigh,Event2,2002,643,3,0,1,0
Bobsleigh,Event4,2010,429,50,0,1,0
Skating,Event1,2018,445,40,1,0,1
Bobsleigh,Event4,2002,87,48,0,0,0
Skiing,Event4,2010,515,28,1,0,1
Snowboard,Event2,2002,600,32,1,0,0
Bobsleigh,Event2,2002,981,17,0,1,0
Snowboard,Event4,2002,676,31,1,1,1
Curling,Event3,2010,676,18,1,1,0
Curling,Event1,2014,829,50,0,1,1
Snowboard,Event2,2002,12,13,1,0,1
Skating,Event4,2022,977,16,1,1,0
Skiing,Event3,2006,298,36,0,0,0
Bobsleigh,Event2,2014,866,29,0,1,0
Bobsleigh,Event2,2006,963,33,0,0,1
Bobsleigh,Event1,2014,463,43,0,0,0
Curling,Event3,2002,179,4,1,0,1
Skiing,Event4,2010,328,30,1,0,1
Snowboard,Event1,2018,279,41,0,0,0
Skiing,Event1,2002,234,16,0,0,0
Skating,Event1,2010,938,1,0,0,0
Snowboard,Event2,2002,364,43,0,0,1
Bobsleigh,Event2,2010,296,16,1,1,1
Skating,Event4,2002,531,47,1,1,0
Skating,Event2,2006,934,26,1,1,1
Bobsleigh,Event1,2022,986,38,0,1,1
Skiing,Event2,2022,690,39,0,0,0
Snowboard,Event2,2022,385,23,1,0,1
Snowboard,Event4,2018,909,5,0,1,1
Bobsleigh,Event1,2014,748,37,0,1,1
Skiing,Event4,2022,804,25,1,1,1
Snowboard,Event4,2010,861,39,1,1,1
Snowboard,Event4,2014,445,31,0,0,0
Bobsleigh,Event3,2002,750,27,0,0,0
Bobsleigh,Event2,2006,580,16,1,1,1
Skiing,Event2,2014,511,36,1,1,1
Skiing,Event4,2006,661,35,1,1,1
Skiing,Event3,2006,84,30,0,0,0
Curling,Event2,2002,654,22,1,0,0
Curling,Event2,2018,673,23,1,1,1
Snowboard,Event2,2002,525,34,0,1,0
Bobsleigh,Event1,2022,689,39,0,1,0
Curling,Event1,2010,759,19,0,1,1
Snowboard,Event1,2018,847,32,1,1,0
Snowboard,Event3,2018,761,26,1,0,0
Bobsleigh,Event2,2010,625,34,1,1,0
Skating,Event2,2014,383,47,0,1,0
Bobsleigh,Event2,2022,713,50,1,1,0
Skating,Event1,2018,622,25,0,1,0
Skiing,Event2,2006,868,7,1,1,1
Bobsleigh,Event1,2002,694,40,0,1,0
Bobsleigh,Event1,2002,275,22,0,0,1
Skiing,Event1,2006,177,6,0,0,1
Skiing,Event3,2002,196,20,1,0,0
Bobsleigh,Event2,2010,93,31,1,0,1
Bobsleigh,Event3,2010,308,21,0,0,0
Curling,Event3,2010,602,5,1,1,0
Skating,Event4,2014,199,2,0,1,0
Curling,Event4,2022,316,33,1,1,0
Skiing,Event4,2010,269,14,1,0,1
Skiing,Event1,2018,90,27,1,0,1
Skating,Event4,2002,827,26,1,1,1
Bobsleigh,Event1,2006,272,5,1,1,0
Skating,Event3,2018,959,28,1,0,1
Curling,Event3,2002,585,2,1,0,1
Skiing,Event3,2002,971,25,0,0,1
Bobsleigh,Event3,2002,799,14,0,1,0
Skiing,Event1,2010,634,42,0,0,1
Skating,Event2,2018,272,49,1,0,0
Snowboard,Event2,2022,18,24,0,0,1
Curling,Event2,2018,693,48,0,0,1
Curling,Event3,2018,226,9,1,1,1
Skiing,Event1,2022,884,39,0,1,0
Curling,Event2,2002,906,2,1,0,0
Snowboard,Event1,2018,217,42,0,1,1
Skiing,Event4,2014,585,6,1,1,1
Skiing,Event4,2002,504,40,0,0,1
Curling,Event2,2006,234,46,1,0,0
Curling,Event3,2006,85,24,0,1,1
Curling,Event4,2022,141,46,1,1,0
Skating,Event1,2018,260,7,1,1,1
Skiing,Event4,2018,170,35,0,0,0
Skating,Event3,2014,561,11,0,1,0
Bobsleigh,Event2,2018,500,1,0,1,1
Bobsleigh,Event2,2006,995,46,0,0,0
Curling,Event3,2006,877,28,0,1,0
Bobsleigh,Event1,2006,349,17,0,1,1
Curling,Event4,2018,287,31,1,0,1
Skating,Event4,2010,714,6,1,1,1
Curling,Event3,2010,80,1,1,1,1
Skiing,Event4,2022,330,12,1,0,0
Snowboard,Event2,2022,132,18,1,1,0
Skating,Event3,2002,591,38,1,1,0
Snowboard,Event4,2014,326,17,1,0,0
Skating,Event4,2002,934,28,1,0,1
Skiing,Event1,2022,440,12,0,0,1
Curling,Event4,2014,128,17,1,1,0
Skating,Event3,2018,990,9,1,0,1
Curling,Event2,2002,331,49,1,0,0
Snowboard,Event1,2018,180,2,1,0,0
Curling,Event1,2018,848,9,1,0,0
Skiing,Event3,2006,201,41,1,1,1
Snowboard,Event1,2006,51,47,0,1,0
Snowboard,Event1,2006,323,6,0,0,0
Curling,Event4,2018,575,9,1,1,0
Skating,Event3,2006,173,28,0,0,0
Curling,Event3,2002,565,1,1,1,0
Skiing,Event2,2014,791,35,0,1,0
Skating,Event1,2014,556,21,0,1,1
Skiing,Event3,2018,166,44,0,1,0
Skating,Event1,2006,144,42,1,1,0
Skiing,Event4,2022,297,37,1,0,0
Bobsleigh,Event1,2010,597,4,0,1,1
Snowboard,Event4,2006,483,9,1,0,0
Curling,Event3,2018,590,28,1,0,1
Curling,Event2,2018,954,44,1,1,1
Skiing,Event3,2010,963,43,0,1,1
Bobsleigh,Event1,2018,310,29,1,0,0
Bobsleigh,Event1,2018,832,6,0,0,1
Curling,Event2,2014,835,15,1,0,0
Bobsleigh,Event2,2006,273,1,1,0,1
Skating,Event4,2014,254,8,1,0,1
Skiing,Event4,2002,66,22,1,0,0
Skiing,Event3,2018,263,39,0,0,1
Skating,Event3,2002,488,14,0,1,1
Bobsleigh,Event3,2018,123,18,0,0,0
Bobsleigh,Event3,2002,783,48,0,0,0
Skiing,Event1,2002,919,27,0,0,0
Skating,Event3,2006,163,25,1,1,1
Skiing,Event1,2022,594,32,1,1,0
Bobsleigh,Event1,2010,292,16,1,0,0
Skating,Event3,2018,731,17,0,0,1
Snowboard,Event3,2002,538,3,0,0,0
Bobsleigh,Event3,2014,628,35,0,0,0
Curling,Event1,2014,482,38,0,1,1
Skating,Event1,2022,244,46,0,1,1
Skiing,Event3,2018,839,37,0,1,1
Skiing,Event1,2002,385,29,0,0,0
Bobsleigh,Event4,2010,101,2,1,0,0
Snowboard,Event4,2010,221,47,1,1,1
Skating,Event3,2022,546,13,0,0,1
Bobsleigh,Event4,2022,735,22,1,0,1
Bobsleigh,Event1,2006,788,27,0,0,1
Snowboard,Event4,2022,643,43,0,0,0
Skiing,Event4,2002,644,14,0,1,0
Bobsleigh,Event4,2006,256,46,0,1,1
Snowboard,Event1,2002,663,48,0,0,1
Bobsleigh,Event4,2002,904,24,0,0,1
Snowboard,Event3,2010,130,17,1,1,1
Skiing,Event1,2010,891,43,0,1,1
Bobsleigh,Event3,2014,95,12,1,1,1
Skating,Event3,2014,582,43,1,0,1
Skiing,Event3,2018,875,40,0,0,1
Skiing,Event1,2010,311,42,1,1,1
Curling,Event3,2006,849,8,1,1,0
Snowboard,Event4,2022,223,38,0,1,1
Bobsleigh,Event4,2014,366,45,0,1,1
Curling,Event1,2006,107,50,1,1,1
Skiing,Event4,2010,803,36,0,0,0
Skating,Event3,2002,815,31,1,0,1
Curling,Event3,2002,692,40,1,0,0
Snowboard,Event2,2006,471,8,1,1,0
Curling,Event2,2010,185,27,0,0,1
Bobsleigh,Event2,2014,352,22,0,0,0
Bobsleigh,Event1,2006,344,42,1,0,1
Skiing,Event1,2022,995,36,0,0,0
Curling,Event1,2002,171,21,0,0,1
Bobsleigh,Event4,2022,317,2,1,0,1
Curling,Event2,2002,779,5,1,1,1
Snowboard,Event2,2010,871,27,0,1,1
Curling,Event1,2018,265,35,0,0,1
Skating,Event2,2002,353,10,1,1,1
Snowboard,Event4,2002,388,25,0,0,0
